appointment_id,patient_id,appointment_day,age,gender,neighbourhood,lead_time_days,sms_received,scholarship,hypertension,diabetes,risk_score,risk_category,actual_no_show,shap_age,shap_gender_enc,shap_lead_time_days,shap_scholarship,shap_hypertension,shap_diabetes,shap_alcoholism,shap_handicap,shap_sms_received,shap_neighbourhood_enc
5770830,35598453918323,2016-06-03,65,F,JABOUR,0,0,0,0,0,0.0524,Low Risk,0,-0.3206,0.0003,-1.2742,-0.0151,-0.0068,-0.0123,-0.0047,-0.0065,0.053,-0.1477
5770181,331321455255684,2016-06-06,26,F,REPÚBLICA,2,0,0,0,0,0.2442,Medium Risk,0,0.2596,-0.0121,0.2347,-0.0216,0.0067,-0.0249,-0.0071,-0.0015,0.0611,-0.102
5768139,12699834556952,2016-06-03,62,F,RESISTÊNCIA,0,0,0,0,0,0.0537,Low Risk,0,-0.2192,-0.0114,-1.3432,-0.0138,-0.0159,-0.0081,-0.0076,-0.0041,0.0457,-0.1103
5739559,88335237489873,2016-06-06,54,F,REPÚBLICA,11,1,0,0,0,0.2152,Medium Risk,0,-0.2549,-0.0087,0.5058,-0.0231,0.0014,-0.0042,-0.0062,-0.0012,-0.1209,-0.2001
5769053,184945591582,2016-06-03,39,F,GOIABEIRAS,0,0,0,0,0,0.0624,Low Risk,0,-0.0477,-0.0241,-1.3995,-0.0165,0.0017,-0.0079,-0.0089,-0.0043,0.0416,0.0783
5707933,479662681965139,2016-06-06,60,F,REPÚBLICA,19,1,0,0,0,0.206,Medium Risk,0,-0.3591,0.0046,0.5786,-0.02,-0.0144,-0.012,-0.0057,-0.0014,-0.1192,-0.2084
5758480,15193149296262,2016-06-01,59,M,MORADA DE CAMBURI,0,0,0,0,0,0.0574,Low Risk,0,-0.3493,0.0048,-1.2873,-0.013,-0.0163,-0.0059,-0.0036,-0.0029,0.0523,-0.0094
5767158,999188133741356,2016-06-06,26,F,REPÚBLICA,3,1,0,0,0,0.2484,Medium Risk,0,0.3002,-0.0109,0.3136,-0.0208,0.0069,-0.0221,-0.0069,-0.0014,-0.0375,-0.0845
5775094,937162161625,2016-06-06,24,F,REPÚBLICA,0,0,0,0,0,0.0805,Low Risk,0,0.2444,-0.0398,-1.329,-0.0123,-0.0037,-0.0237,-0.0042,-0.0042,0.05,-0.0378
5758558,13965617615668,2016-06-06,36,F,BOA VISTA,4,1,0,0,0,0.2995,Medium Risk,0,0.0586,-0.0175,0.385,-0.0266,0.0015,-0.0043,-0.0117,-0.0016,-0.0753,0.0656
5755517,58817661247569,2016-06-03,38,F,BOA VISTA,1,0,0,0,0,0.2759,Medium Risk,0,0.0391,-0.0195,0.2206,-0.0272,0.0019,-0.0066,-0.0114,-0.0016,0.0527,0.0755
5738766,33573514323,2016-06-06,32,F,BOA VISTA,11,1,0,0,0,0.3528,Medium Risk,1,0.1395,-0.0174,0.6271,-0.0224,0.0008,-0.0037,-0.0066,-0.0016,-0.0991,0.0754
5734946,38312496595626,2016-06-06,39,F,MORADA DE CAMBURI,12,1,0,0,0,0.2995,Medium Risk,0,0.0541,-0.0095,0.5643,-0.0226,0.0071,-0.003,-0.0101,-0.0012,-0.0992,-0.0401
5756193,972135526155,2016-06-02,20,F,ROMÃO,0,0,0,0,0,0.089,Low Risk,1,0.3507,-0.0653,-1.2854,-0.012,-0.0055,-0.0189,-0.0073,-0.0053,0.0426,0.0332
5526444,81125951373966,2016-06-03,77,F,ROMÃO,64,1,0,1,0,0.2613,Medium Risk,0,-0.3748,-0.0044,0.6426,0.0434,0.0473,-0.0127,-0.0016,0.1123,-0.1613,0.0889
5754175,871374938638855,2016-06-03,64,M,ROMÃO,2,0,0,0,0,0.2114,Medium Risk,0,-0.4326,-0.057,0.2107,-0.0265,-0.0297,-0.0131,0.1893,0.0,0.0677,0.0208
5717048,611484467886318,2016-06-02,39,F,FORTE SÃO JOÃO,13,1,0,0,0,0.2501,Medium Risk,0,0.0369,-0.0075,0.6083,-0.0236,0.0076,-0.0014,-0.0074,-0.0012,-0.0975,-0.218
5712637,9174639363543,2016-06-06,34,F,BENTO FERREIRA,18,1,0,0,0,0.3463,Medium Risk,1,0.0877,-0.0209,0.7185,-0.0183,-0.0043,-0.0071,-0.0055,-0.0017,-0.1043,0.0421
5718495,76945958668486,2016-06-07,51,F,BENTO FERREIRA,18,0,0,0,0,0.3194,Medium Risk,0,-0.2061,-0.0229,0.7244,-0.019,-0.0046,-0.0122,-0.0085,-0.0019,0.1138,0.0351
5748134,9718762256415,2016-06-06,23,M,MATA DA PRAIA,6,1,0,0,0,0.3091,Medium Risk,0,0.393,0.0251,0.3948,-0.0194,0.0062,-0.0191,-0.0057,-0.0014,-0.0662,-0.1571
5775177,43799846488412,2016-06-06,28,F,CONSOLAÇÃO,0,0,1,0,0,0.061,Low Risk,0,0.0365,-0.023,-1.5031,0.1253,-0.0034,-0.0264,-0.007,-0.0024,0.0523,-0.2178
5737500,99923962656791,2016-06-07,71,M,GOIABEIRAS,12,0,0,1,0,0.2868,Medium Risk,0,-0.3178,0.0042,0.5888,-0.0225,0.0208,-0.0163,-0.0067,-0.0059,0.1039,0.0321
5732618,83737776565839,2016-06-03,61,F,GOIABEIRAS,9,1,0,0,1,0.2761,Medium Risk,0,-0.2918,0.0045,0.5139,-0.023,-0.0341,0.0891,-0.0074,-0.0017,-0.1239,0.0914
5732285,979556746937391,2016-06-02,88,F,REPÚBLICA,8,1,0,1,0,0.1269,Low Risk,0,-0.9609,-0.006,0.3413,0.0313,-0.0095,-0.0889,-0.0003,-0.0079,0.0196,-0.3083
5652418,992855552637268,2016-06-01,28,F,FONTE GRANDE,28,1,1,0,0,0.3743,Medium Risk,0,0.1825,-0.0109,0.655,0.1468,0.0105,-0.0155,-0.0125,0.0005,-0.1045,-0.0034
5769480,92431678865776,2016-06-03,0,M,DA PENHA,0,0,0,0,0,0.0485,Low Risk,0,-0.2744,0.0241,-1.4503,-0.0,-0.0062,-0.0209,-0.0093,-0.0087,0.0567,-0.0619
5755580,539139981641122,2016-06-01,3,M,SANTA CLARA,0,0,0,0,0,0.0645,Low Risk,0,-0.0149,0.0543,-1.504,0.0094,-0.0067,-0.0209,-0.0086,-0.0064,0.0504,0.2401
5692411,74618555319399,2016-06-06,40,F,SANTA MARTHA,24,1,0,0,0,0.3463,Medium Risk,0,-0.0092,-0.0139,0.9704,-0.0228,0.0112,-0.0025,-0.0058,-0.0013,-0.078,-0.1451
5758364,39614822817271,2016-06-06,6,F,MARUÍPE,4,1,0,0,0,0.2255,Medium Risk,0,-0.0524,0.0149,0.2627,-0.0229,0.0052,-0.0138,-0.0115,-0.003,-0.0934,-0.0401
5673584,987456863652233,2016-06-07,73,F,JABOUR,28,1,0,0,0,0.1952,Low Risk,1,-0.5652,0.0074,0.5381,0.0312,-0.011,-0.0168,-0.0067,-0.0048,-0.0792,-0.1689
5663181,11219118868621,2016-06-01,44,F,MARIA ORTIZ,26,1,1,0,0,0.4013,High Risk,1,0.1303,-0.0096,0.7163,0.209,0.0062,-0.0043,-0.0101,0.001,-0.1087,0.0813
5773336,31791943463534,2016-06-06,54,F,SÃO PEDRO,0,0,0,1,0,0.0938,Low Risk,0,-0.1437,-0.0247,-1.1533,-0.0154,0.0007,-0.0097,-0.0071,-0.0031,0.0462,0.3245
5766743,4371686198374,2016-06-03,3,M,COMDUSA,0,0,0,0,0,0.0442,Low Risk,0,-0.2638,0.0027,-1.5461,-0.0075,-0.0096,-0.0206,-0.0082,-0.0029,0.0579,-0.2437
5755705,517567871275663,2016-06-01,11,F,SÃO PEDRO,0,0,1,0,0,0.153,Low Risk,0,0.2283,-0.0596,-1.1276,0.1261,-0.0051,-0.0197,-0.0095,-0.0054,0.0495,0.2529
5755969,315836676157443,2016-06-01,29,M,SÃO PEDRO,0,0,0,0,0,0.1546,Low Risk,0,0.1561,0.0463,-1.2327,-0.014,-0.006,-0.0212,-0.0043,-0.0044,0.0464,0.32
5762366,134672897813269,2016-06-02,34,F,BONFIM,0,0,0,0,0,0.0574,Low Risk,0,-0.0535,-0.0224,-1.4159,-0.0132,-0.0051,-0.0073,-0.0054,-0.0041,0.0459,0.0399
5727188,6781356253526,2016-06-06,1,F,ILHA DAS CAIEIRAS,16,1,0,0,0,0.31,Medium Risk,1,0.1018,0.0058,0.6733,-0.015,0.0045,-0.0086,-0.0095,-0.0025,-0.1237,0.0017
5774350,8856614226137,2016-06-06,22,M,REDENÇÃO,0,0,0,0,0,0.082,Low Risk,0,0.267,0.0644,-1.3216,-0.0118,-0.0044,-0.0246,-0.0041,-0.0045,0.0505,0.0153
5597100,44656919291,2016-06-08,57,F,JARDIM CAMBURI,50,1,0,0,0,0.2084,Medium Risk,1,-0.3754,-0.0028,0.5688,-0.024,-0.0179,-0.0088,-0.0083,-0.0018,-0.156,0.0473
5659136,943144344768,2016-06-01,51,F,JABOUR,27,1,0,0,0,0.2217,Medium Risk,0,-0.2397,-0.0048,0.5869,-0.0208,0.0047,-0.0058,-0.0056,-0.0011,-0.1287,-0.2143
5725265,488582576277,2016-06-07,2,M,ANDORINHAS,17,0,0,0,0,0.3787,Medium Risk,1,0.0763,0.0061,0.7977,0.016,0.0035,-0.0128,-0.0112,-0.0026,0.1024,0.0154
5775169,54825511219781,2016-06-07,66,M,DA PENHA,0,0,0,1,1,0.0574,Low Risk,0,-0.4168,0.0152,-1.2616,-0.0176,0.0148,0.1506,-0.0028,-0.0049,0.0531,0.0841
5775296,6663296418857,2016-06-07,76,F,SOLON BORGES,0,0,0,0,0,0.0268,Low Risk,0,-0.5748,-0.0115,-1.4836,0.0262,-0.0006,-0.0241,-0.0061,-0.0069,0.057,-0.7277
5774927,568265746413,2016-06-06,1,M,DO MOSCOSO,0,0,0,0,0,0.0624,Low Risk,0,-0.0865,0.081,-1.4945,0.0091,-0.0079,-0.0209,-0.0091,-0.0075,0.0476,0.1716
5779027,5159758743562,2016-06-07,69,F,JARDIM CAMBURI,0,0,0,1,0,0.0531,Low Risk,1,-0.424,-0.0092,-1.2708,-0.013,-0.0063,-0.0116,-0.0069,-0.0065,0.0513,0.0479
5730155,66675929633361,2016-06-02,72,F,JARDIM CAMBURI,8,1,0,0,0,0.1956,Low Risk,1,-0.524,0.0036,0.3669,0.0321,-0.017,-0.0158,-0.0104,-0.0049,-0.0878,0.004
5742609,4675691363589,2016-06-03,42,F,TABUAZEIRO,3,1,0,0,0,0.2255,Medium Risk,0,0.024,-0.0074,0.2958,-0.0249,0.004,-0.0037,-0.0078,-0.0013,-0.0565,-0.1981
5771716,423355956925161,2016-06-03,48,M,JARDIM CAMBURI,0,0,0,0,0,0.0624,Low Risk,0,-0.1197,0.0392,-1.3077,-0.0127,-0.0025,-0.0067,-0.0032,-0.0032,0.0559,0.0257
5715353,559815243243942,2016-06-02,42,F,PRAIA DO CANTO,14,1,0,0,0,0.2435,Medium Risk,0,0.032,-0.0095,0.6359,-0.0223,0.0034,-0.0026,-0.0062,-0.0013,-0.099,-0.2369
5753792,5436758547758,2016-06-08,47,F,SANTA LUÍZA,7,1,0,0,0,0.2255,Medium Risk,0,-0.1057,-0.0088,0.4045,-0.0257,0.0029,-0.0038,-0.0069,-0.0012,-0.1015,-0.1082
5752868,592434519387,2016-06-01,7,F,PRAIA DO CANTO,0,0,0,0,0,0.0826,Low Risk,0,0.2695,-0.0281,-1.1904,-0.0124,-0.0051,-0.0144,-0.0067,-0.0038,0.0559,-0.0846
5764303,86848769888465,2016-06-02,66,M,PRAIA DO CANTO,0,0,0,0,0,0.0624,Low Risk,0,-0.3165,0.0075,-1.1905,-0.0112,-0.0086,-0.0126,-0.0026,-0.0063,0.0523,-0.0126
5789989,56297443633976,2016-06-08,22,M,DA PENHA,0,0,0,0,0,0.0876,Low Risk,0,0.2719,0.0671,-1.3451,-0.0161,-0.0059,-0.0212,-0.0042,-0.0056,0.0468,0.0541
5756494,71317554998427,2016-06-01,28,M,DA PENHA,0,0,0,0,0,0.083,Low Risk,0,0.1799,0.002,-1.4418,-0.021,-0.0058,-0.0175,0.1393,-0.0054,0.0507,0.1147
5749988,73154337311228,2016-06-01,43,M,REPÚBLICA,0,0,0,0,0,0.0574,Low Risk,0,-0.082,0.0366,-1.3381,-0.0134,-0.0006,-0.006,-0.0019,-0.003,0.0513,-0.1334
5781167,55213469887567,2016-06-08,24,F,MARIA ORTIZ,0,0,0,0,0,0.0624,Low Risk,0,0.2341,-0.0429,-1.439,-0.0165,-0.0055,-0.0197,-0.007,-0.0051,0.0447,-0.0333
5749936,4854732964996,2016-06-01,50,F,SANTO ANDRÉ,0,0,1,1,1,0.1037,Low Risk,0,-0.1937,-0.0216,-1.3089,0.1441,-0.028,0.1647,-0.0084,-0.0013,0.053,0.1191
5704707,826621622668,2016-06-01,12,F,CENTRO,15,1,0,0,0,0.3344,Medium Risk,0,0.3299,-0.0052,0.5528,-0.0172,0.0046,-0.0087,-0.0176,-0.0029,-0.099,-0.0124
5739376,335712592966,2016-06-08,0,M,PIEDADE,13,1,0,0,0,0.2995,Medium Risk,1,-0.0319,-0.0047,0.563,-0.004,0.0057,-0.0155,-0.0093,-0.0013,-0.1451,-0.0271
5679960,2142946827583,2016-06-01,41,M,JARDIM CAMBURI,21,1,0,0,0,0.3376,Medium Risk,1,0.0806,0.0237,0.7257,-0.018,0.0089,-0.004,-0.0048,-0.0013,-0.107,-0.0376
5678498,99914811574557,2016-06-01,5,M,JARDIM DA PENHA,21,1,0,0,0,0.3109,Medium Risk,1,0.0914,-0.0075,0.8307,-0.0157,0.0078,-0.0118,-0.0075,-0.0012,-0.1277,-0.3066
5660332,13926932595289,2016-06-03,18,F,SÃO CRISTÓVÃO,29,1,0,0,0,0.2883,Medium Risk,1,0.2951,-0.0151,0.4328,-0.0155,0.0078,-0.0099,-0.0084,-0.0001,-0.075,-0.0876
5775742,188696713673385,2016-06-06,42,M,JARDIM CAMBURI,0,0,0,0,0,0.0675,Low Risk,0,-0.062,0.0392,-1.3723,-0.0129,-0.001,-0.0069,-0.0032,-0.0032,0.0516,0.0375
5765016,912442557237923,2016-06-06,61,M,JARDIM CAMBURI,3,1,0,0,0,0.1924,Low Risk,0,-0.3612,-0.0103,0.2544,-0.0187,-0.0216,-0.009,-0.0068,-0.0014,-0.0508,-0.0091
5779191,59328562863,2016-06-06,54,F,JARDIM CAMBURI,0,0,0,0,0,0.0624,Low Risk,0,-0.1812,-0.0225,-1.2667,-0.0136,0.0011,-0.0071,-0.0072,-0.0033,0.0527,0.0513
5773014,38814326425494,2016-06-03,31,M,JARDIM CAMBURI,0,0,0,0,0,0.0624,Low Risk,0,-0.0358,0.0392,-1.4054,-0.0121,-0.004,-0.0084,-0.0014,-0.0031,0.0512,0.0387
5736979,2657275218799,2016-06-07,19,F,DA PENHA,12,0,1,0,0,0.446,High Risk,0,0.2764,-0.023,0.5973,0.2082,0.0048,-0.0115,-0.0148,0.0008,0.0795,0.0915
5757194,867424651379,2016-06-07,61,M,DA PENHA,5,1,0,1,0,0.2024,Medium Risk,0,-0.2635,0.0011,0.2852,-0.0235,0.0113,-0.0092,-0.0074,-0.002,-0.0828,0.0667
5777648,758769126571,2016-06-07,81,F,DA PENHA,0,0,0,1,1,0.1106,Low Risk,0,-0.2187,-0.0127,-1.2464,-0.0076,0.0086,0.1335,0.002,-0.0047,0.0471,0.1444
5777397,72323658534374,2016-06-06,54,F,ARIOVALDO FAVALESSA,0,0,0,0,0,0.0522,Low Risk,0,-0.1686,-0.0222,-1.2634,-0.0143,0.0069,-0.0046,-0.005,-0.003,0.0538,-0.1542
5717465,7749928681732,2016-06-06,50,F,ARIOVALDO FAVALESSA,17,1,0,0,0,0.2214,Medium Risk,1,-0.2347,-0.0079,0.5816,-0.0213,0.0002,-0.0001,-0.0061,-0.0012,-0.1245,-0.2357
5766256,922793575568878,2016-06-02,43,M,JABOUR,0,0,0,0,0,0.0502,Low Risk,0,-0.1087,0.0267,-1.4225,-0.0148,-0.0006,-0.0084,-0.0027,-0.0032,0.0523,-0.3186
5766602,53629683861858,2016-06-02,66,M,SOLON BORGES,0,0,0,0,0,0.0317,Low Risk,0,-0.4548,0.0138,-1.4135,-0.0135,-0.0085,-0.0202,-0.0029,-0.0074,0.0668,-0.6323
5753703,162894492873,2016-06-02,68,M,JABOUR,1,0,0,0,0,0.1774,Low Risk,0,-0.4191,-0.024,0.185,-0.0222,-0.0221,-0.0152,-0.0055,-0.0053,0.0625,-0.1694
5763788,64687289983962,2016-06-03,57,F,CENTRO,0,0,0,1,0,0.0574,Low Risk,0,-0.2666,-0.0144,-1.3097,-0.014,0.0108,-0.0082,-0.0078,-0.0041,0.047,0.0531
5762975,128662381568439,2016-06-03,57,M,ITARARÉ,0,0,0,1,0,0.0645,Low Risk,0,-0.25,0.0511,-1.3234,-0.0082,0.0069,-0.0072,-0.0032,0.0019,0.0472,0.2849
5769366,3833171394116,2016-06-03,29,F,ILHA DO PRÍNCIPE,0,0,0,0,0,0.0645,Low Risk,0,0.1135,-0.0789,-1.5035,-0.0062,-0.0116,-0.0197,-0.0038,-0.0023,0.0452,0.0711
5765268,815717687712132,2016-06-03,14,F,SÃO CRISTÓVÃO,0,0,1,0,0,0.1385,Low Risk,0,0.5081,-0.0642,-1.2384,0.1042,-0.0041,-0.0151,-0.0098,-0.0063,0.0505,-0.0236
5774226,9593494358512,2016-06-07,67,M,PARQUE MOSCOSO,0,0,0,0,0,0.0502,Low Risk,0,-0.4965,0.0562,-1.2862,-0.0075,-0.0241,-0.0112,-0.0029,-0.0043,0.0451,0.0847
5773785,7432385615159,2016-06-07,47,F,PARQUE MOSCOSO,0,0,0,0,0,0.061,Low Risk,0,-0.1283,-0.0763,-1.4222,-0.0078,-0.0077,-0.0086,-0.0037,-0.001,0.0491,0.0148
5781760,319692677684353,2016-06-07,48,F,SANTA CLARA,0,0,0,1,1,0.0645,Low Risk,0,-0.1654,-0.0532,-1.4,-0.0086,0.0115,0.1913,-0.0029,-0.0003,0.0532,-0.0272
5700295,2318664119519,2016-06-06,16,F,CENTRO,20,0,0,0,0,0.3807,Medium Risk,1,0.3196,-0.0269,0.5398,-0.0176,0.0069,-0.0156,-0.0094,-0.0019,0.0996,-0.0787
5763026,9468583675868,2016-06-07,63,F,CENTRO,4,1,0,1,0,0.1924,Low Risk,0,-0.3643,-0.0004,0.2909,-0.0206,0.0043,-0.0121,-0.0105,-0.0055,-0.09,0.0085
5750313,62687636152549,2016-06-06,54,F,PARQUE MOSCOSO,5,0,0,0,1,0.2645,Medium Risk,0,-0.2297,-0.0221,0.3305,-0.0183,-0.0112,0.1112,-0.0069,-0.0015,0.0941,0.1288
5700453,15784195413696,2016-06-03,51,M,SANTO ANTÔNIO,17,1,0,0,0,0.2214,Medium Risk,0,-0.2199,0.0195,0.5373,-0.0228,0.0007,-0.006,-0.0043,-0.0013,-0.1249,-0.1989
5771440,999743668137917,2016-06-03,24,F,SANTO ANTÔNIO,0,0,0,0,0,0.0835,Low Risk,0,0.244,-0.0398,-1.3193,-0.0149,-0.0037,-0.0244,-0.0042,-0.0045,0.0494,-0.0083
5770468,82486548858,2016-06-03,5,F,BELA VISTA,0,0,0,0,0,0.0682,Low Risk,0,-0.0283,-0.0014,-1.398,-0.0122,-0.0042,-0.0242,-0.009,-0.0074,0.0554,0.0721
5770674,74144489138717,2016-06-03,31,F,BELA VISTA,0,0,0,0,0,0.0574,Low Risk,0,-0.0448,-0.0224,-1.4363,-0.0127,-0.0036,-0.0084,-0.0053,-0.0031,0.049,0.0225
5719827,394364721853,2016-06-03,47,M,SANTO ANTÔNIO,14,1,0,0,0,0.2317,Medium Risk,0,-0.0831,0.0194,0.5482,-0.0235,0.0017,-0.0037,-0.0044,-0.0012,-0.1338,-0.16
5784308,44116285455951,2016-06-08,82,F,SANTO ANTÔNIO,0,0,0,1,0,0.0508,Low Risk,0,-0.3599,-0.0112,-1.1758,0.0244,-0.0083,-0.016,0.0062,-0.0067,0.0509,-0.116
5751396,49345239525857,2016-06-07,26,F,ILHA DO PRÍNCIPE,6,0,0,0,0,0.3627,Medium Risk,1,0.2436,-0.0247,0.3937,-0.0129,0.0015,-0.0165,-0.0073,-0.0017,0.0511,0.174
5698526,3226765181386,2016-06-08,22,F,CARATOÍRA,22,1,0,0,0,0.4088,High Risk,1,0.3535,-0.0225,0.8263,-0.0065,0.0033,-0.0152,-0.0047,-0.0011,-0.0815,0.3026
5783795,69194892721146,2016-06-07,28,F,JARDIM CAMBURI,0,0,0,0,0,0.0696,Low Risk,0,0.1068,-0.0247,-1.3659,-0.0125,-0.004,-0.0245,-0.0073,-0.0045,0.05,0.067
5738412,959821444894,2016-06-01,35,F,JARDIM CAMBURI,6,1,0,0,0,0.2761,Medium Risk,1,0.0706,-0.0096,0.3533,-0.0231,0.007,-0.0032,-0.0091,-0.0012,-0.073,-0.003
5732492,125533585647,2016-06-01,28,F,JARDIM CAMBURI,7,1,0,0,0,0.3091,Medium Risk,0,0.2,-0.0119,0.4111,-0.0207,0.0066,-0.0204,-0.0091,-0.0014,-0.0808,-0.0166
5758544,76478158254575,2016-06-01,60,F,JARDIM CAMBURI,0,0,0,0,0,0.0574,Low Risk,1,-0.2568,-0.0042,-1.2341,-0.0132,-0.0097,-0.0066,-0.0072,-0.003,0.0513,0.0372
5773669,616654181896917,2016-06-06,76,F,JARDIM CAMBURI,0,0,0,0,0,0.0574,Low Risk,0,-0.3981,-0.0058,-1.2475,0.0274,-0.0096,-0.0139,-0.0075,-0.0059,0.0509,0.1101
5768494,78473554972145,2016-06-03,57,F,PRAIA DO SUÁ,0,0,0,1,0,0.0574,Low Risk,0,-0.261,-0.0222,-1.2893,-0.0151,0.0108,-0.0082,-0.0073,-0.0032,0.0458,0.1392
5768289,26713582456,2016-06-03,13,F,JARDIM DA PENHA,0,0,0,0,0,0.0599,Low Risk,0,0.4227,-0.0586,-1.3574,-0.013,-0.0051,-0.0144,-0.0057,-0.0036,0.0501,-0.5007
5537106,81917519219841,2016-06-01,2,F,JARDIM CAMBURI,60,1,0,0,0,0.3885,Medium Risk,0,0.2212,0.0038,0.8616,-0.0142,0.0046,-0.0209,-0.0087,-0.0017,-0.2444,0.0609
5762532,89434374193411,2016-06-02,15,M,JARDIM CAMBURI,0,0,0,0,0,0.1958,Low Risk,0,0.6318,0.0886,-1.1097,-0.0116,-0.0044,-0.0245,-0.0046,-0.0078,0.0562,0.0515
5540103,61625747324,2016-06-02,17,M,JARDIM CAMBURI,61,1,0,0,0,0.2977,Medium Risk,0,0.3767,0.0318,0.3431,-0.0194,0.0058,-0.0214,-0.0045,-0.0018,-0.181,0.0407
5714361,33435399813481,2016-06-03,54,M,JARDIM CAMBURI,15,0,0,0,0,0.2988,Medium Risk,0,-0.2232,0.0257,0.615,-0.0213,-0.0,-0.0063,-0.0065,-0.0016,0.1128,-0.0212
5773825,13867422429586,2016-06-06,56,F,JARDIM CAMBURI,0,0,0,0,0,0.0574,Low Risk,0,-0.2816,-0.0193,-1.2793,-0.0133,-0.0076,-0.0065,-0.0074,-0.0029,0.0524,0.0433
5756940,33796711324618,2016-06-01,34,F,JARDIM CAMBURI,0,0,0,0,0,0.0574,Low Risk,0,-0.0623,-0.0224,-1.4051,-0.0132,-0.0036,-0.0061,-0.0054,-0.0031,0.0501,0.0602
5564096,233949459946574,2016-06-06,31,M,JARDIM CAMBURI,55,1,0,0,0,0.3259,Medium Risk,0,0.1857,0.0255,0.616,-0.0204,0.0067,-0.0051,-0.0016,-0.0018,-0.138,0.043
5539602,25687152568481,2016-06-08,18,M,JARDIM CAMBURI,67,1,0,0,0,0.4354,High Risk,0,0.4046,0.0359,0.7251,-0.0186,0.0043,-0.0214,-0.0041,-0.0017,-0.1242,0.0165
5539976,2165648785922,2016-06-08,35,F,JARDIM CAMBURI,67,1,0,0,0,0.3575,Medium Risk,0,0.1289,-0.0119,0.8017,-0.024,0.0042,-0.0047,-0.0061,-0.0018,-0.1392,0.0346
5669792,6524582445327,2016-06-01,74,M,JARDIM CAMBURI,25,1,0,0,0,0.2776,Medium Risk,0,-0.5177,0.0072,0.8316,0.0307,-0.0275,-0.0169,-0.006,-0.004,-0.1037,0.0261
5767762,56174377858657,2016-06-03,61,M,JARDIM CAMBURI,0,0,0,0,0,0.0574,Low Risk,0,-0.3189,0.0034,-1.2115,-0.0128,-0.018,-0.0078,-0.0035,-0.003,0.0489,0.0242
5539455,839769169759924,2016-06-07,35,F,JARDIM CAMBURI,66,1,0,0,0,0.3237,Medium Risk,0,0.131,-0.0119,0.7018,-0.0275,0.0042,-0.0047,-0.0061,-0.0018,-0.1392,0.0427
5539117,435922247597815,2016-06-07,49,F,JARDIM CAMBURI,66,1,0,0,0,0.2304,Medium Risk,0,-0.2105,-0.0119,0.5275,-0.0273,-0.0086,-0.0059,-0.0078,-0.0018,-0.1667,0.0552
5538230,959644382433312,2016-06-02,19,M,JARDIM CAMBURI,61,1,0,0,0,0.3017,Medium Risk,0,0.3493,0.0352,0.3702,-0.0194,0.0058,-0.0214,-0.0041,-0.0017,-0.1118,0.0454
5772103,1264713131575,2016-06-03,36,F,JARDIM CAMBURI,0,0,0,0,0,0.0574,Low Risk,0,-0.069,-0.0224,-1.3908,-0.0132,-0.0036,-0.0061,-0.0085,-0.0031,0.049,0.0566
5706383,58713872986443,2016-06-06,9,F,GRANDE VITÓRIA,19,1,0,0,0,0.3028,Medium Risk,0,0.1896,0.0011,0.6074,-0.0193,0.007,-0.0167,-0.0094,-0.0052,-0.1325,-0.0183
5778757,597281323734,2016-06-06,67,F,SANTO ANTÔNIO,0,0,0,1,1,0.0574,Low Risk,0,-0.3548,-0.0095,-1.211,-0.0163,-0.0128,0.1415,-0.0011,-0.0038,0.0566,-0.0252
5704736,18562757776365,2016-06-07,19,M,SANTO ANTÔNIO,21,1,0,0,0,0.3591,Medium Risk,1,0.4029,0.029,0.5951,-0.0174,0.0081,-0.0197,-0.0042,-0.0011,-0.0773,-0.1784
5763613,21647347678881,2016-06-02,67,F,JARDIM CAMBURI,0,0,0,0,0,0.0574,Low Risk,0,-0.3612,-0.0041,-1.2368,-0.0131,-0.0095,-0.0108,-0.0069,-0.0065,0.051,0.0696
5759358,915829331791,2016-06-01,1,M,BELA VISTA,0,0,0,0,0,0.0637,Low Risk,0,-0.1728,0.0079,-1.5055,0.0044,-0.0047,-0.0243,-0.0094,-0.0065,0.0532,0.0569
5712903,7954396399895,2016-06-08,26,F,SANTO ANTÔNIO,20,1,0,0,0,0.3305,Medium Risk,1,0.3041,-0.0112,0.6058,-0.0196,0.0088,-0.0205,-0.0055,-0.0011,-0.0832,-0.1063
5704836,33122134548571,2016-06-01,37,F,ENSEADA DO SUÁ,15,1,0,1,0,0.333,Medium Risk,0,0.0395,-0.0205,0.6692,-0.0174,-0.0382,-0.0017,-0.0084,-0.0016,-0.0966,0.1406
5731126,64376887724835,2016-06-08,0,M,INHANGUETÁ,14,1,0,0,0,0.2823,Medium Risk,0,-0.1608,-0.0069,0.5947,-0.0023,0.0038,-0.0102,-0.0104,-0.0033,-0.158,-0.0619
5607465,483685824233781,2016-06-07,6,F,JARDIM CAMBURI,47,1,0,0,0,0.3369,Medium Risk,1,0.1669,0.0114,0.7599,-0.02,0.0078,-0.0185,-0.0095,-0.0018,-0.1481,0.0369
5718699,2284331558564,2016-06-07,49,F,ENSEADA DO SUÁ,18,1,0,0,0,0.2798,Medium Risk,0,-0.1382,-0.0209,0.6784,-0.0171,-0.0083,-0.0078,-0.0072,-0.0016,-0.127,0.0845
5789637,3235898952664,2016-06-08,9,M,JARDIM CAMBURI,0,0,0,0,0,0.1972,Low Risk,0,0.5158,0.0703,-1.0586,-0.0202,-0.0044,-0.0245,-0.0093,-0.0093,0.0604,0.0506
5772276,737699717675,2016-06-03,11,M,JARDIM CAMBURI,0,0,1,0,0,0.1843,Low Risk,0,0.3839,0.0656,-1.118,0.1069,-0.0041,-0.0248,-0.0113,-0.0054,0.062,0.0869
5704349,4564883729919,2016-06-03,0,F,JARDIM CAMBURI,17,1,0,0,0,0.3147,Medium Risk,0,0.074,0.0062,0.5866,-0.004,0.0058,-0.0154,-0.0096,-0.0012,-0.1424,0.1618
5715892,46784927849764,2016-06-07,41,F,PRAIA DO SUÁ,19,1,0,0,0,0.3444,Medium Risk,1,0.0856,-0.0146,0.7035,-0.0232,0.0082,-0.008,-0.0074,-0.0016,-0.0965,0.0893
5716353,89572751392276,2016-06-07,33,M,PRAIA DO SUÁ,19,1,0,0,0,0.3627,Medium Risk,1,0.1622,0.0278,0.6912,-0.0183,0.0067,-0.0075,-0.0031,-0.0016,-0.1035,0.0964
5768403,762282136848,2016-06-03,9,F,DA PENHA,0,0,0,0,0,0.1277,Low Risk,0,0.425,-0.0598,-1.1712,-0.0252,-0.0055,-0.0195,-0.0087,-0.0115,0.048,0.0529
5773353,759739139642,2016-06-06,6,M,DA PENHA,0,0,0,0,0,0.0645,Low Risk,0,-0.129,0.019,-1.394,-0.017,-0.0061,-0.0209,-0.0093,-0.0096,0.0513,0.0361
5715210,857791915716,2016-06-01,9,M,DA PENHA,13,1,0,0,0,0.3109,Medium Risk,0,0.1663,0.009,0.4846,-0.0238,0.0039,-0.0104,-0.0104,-0.0048,-0.1198,0.0491
5701945,2811734419331,2016-06-01,12,F,DA PENHA,15,0,0,0,0,0.4112,High Risk,0,0.3286,-0.0111,0.61,-0.021,0.0045,-0.0112,-0.0186,-0.003,0.0898,0.0661
5720680,26998131619894,2016-06-08,57,F,DA PENHA,19,1,0,1,1,0.2849,Medium Risk,0,-0.2794,-0.0049,0.7144,-0.0232,0.003,0.1403,-0.0068,-0.0017,-0.1305,0.0923
5755648,847279373367115,2016-06-01,10,F,BONFIM,0,0,0,0,0,0.1018,Low Risk,0,0.4048,-0.0537,-1.1504,-0.0126,-0.0055,-0.0188,-0.0089,-0.0084,0.052,0.0599
5721161,983566564244,2016-06-07,3,F,DA PENHA,18,0,0,0,0,0.4362,High Risk,0,0.1281,-0.0009,0.8247,-0.0173,-0.0007,-0.0189,-0.0097,-0.003,0.1104,0.0265
5773204,5937577622259,2016-06-06,7,M,DA PENHA,0,0,1,0,0,0.1527,Low Risk,0,0.2418,0.0501,-1.2234,0.15,-0.0056,-0.0212,-0.0113,-0.0071,0.0527,0.0874
5759968,89239837193657,2016-06-01,45,M,MARIA ORTIZ,0,0,0,0,0,0.0524,Low Risk,0,-0.1311,0.042,-1.4156,-0.0174,-0.0021,-0.0086,-0.0035,-0.0039,0.049,-0.024
5767502,269468366993925,2016-06-02,63,F,JARDIM CAMBURI,0,0,0,0,0,0.0574,Low Risk,0,-0.3466,-0.0041,-1.223,-0.0132,-0.0102,-0.0106,-0.007,-0.0065,0.0511,0.0633
5766314,53775242924592,2016-06-02,45,M,MARIA ORTIZ,0,0,0,0,0,0.0524,Low Risk,0,-0.1311,0.042,-1.4156,-0.0174,-0.0021,-0.0086,-0.0035,-0.0039,0.049,-0.024
5759140,9871631412749,2016-06-01,67,M,MARIA ORTIZ,0,0,0,0,0,0.0435,Low Risk,0,-0.4141,0.0061,-1.2925,-0.0175,-0.0242,-0.0112,-0.0035,-0.0071,0.0433,-0.0363
5731556,6394911817782,2016-06-02,78,F,DA PENHA,8,1,0,1,0,0.2114,Medium Risk,0,-0.3532,-0.0025,0.3475,0.0197,0.0078,-0.0167,-0.0037,-0.0052,-0.0849,0.0552
5725677,4722511313266,2016-06-02,48,M,DA PENHA,12,1,0,0,0,0.2906,Medium Risk,0,-0.1008,0.0223,0.5435,-0.0256,-0.0038,-0.0041,-0.0055,-0.0018,-0.121,0.0454
5756517,52214977234734,2016-06-01,33,F,DA PENHA,0,0,0,0,0,0.0624,Low Risk,0,-0.0005,-0.0241,-1.4425,-0.0171,-0.0051,-0.0104,-0.0058,-0.0042,0.0439,0.1043
5718304,995392693794818,2016-06-01,56,F,DA PENHA,12,1,0,1,0,0.2562,Medium Risk,0,-0.3026,-0.0096,0.5366,-0.0092,0.0072,-0.0065,-0.0074,0.0485,-0.1071,0.0962
5773636,71721697652168,2016-06-06,45,M,DA PENHA,0,0,0,1,0,0.0724,Low Risk,0,-0.1514,-0.0116,-1.421,-0.0207,-0.0097,-0.0057,0.1089,-0.0041,0.0555,0.1034
5729795,636331149957233,2016-06-08,26,F,CONQUISTA,14,1,0,0,0,0.3578,Medium Risk,1,0.2687,-0.0118,0.6157,-0.0171,0.0059,-0.0059,-0.0084,-0.0014,-0.0841,-0.026
5757585,83518999111184,2016-06-01,97,F,CENTRO,0,0,0,1,0,0.1428,Low Risk,0,0.0644,-0.0123,-1.0278,0.0273,0.1121,0.0006,0.0014,-0.0133,0.0949,0.3944
5787325,5228514912665,2016-06-08,60,F,CENTRO,0,0,0,1,0,0.0574,Low Risk,0,-0.1998,-0.0111,-1.2597,-0.0138,0.012,-0.0088,-0.0076,-0.0041,0.0462,0.0574
5778535,4924131455648,2016-06-06,41,M,DO QUADRO,0,0,0,0,0,0.0574,Low Risk,0,-0.1299,0.05,-1.3996,-0.0136,0.0086,-0.0035,-0.0027,-0.0031,0.0533,-0.2922
5776064,8785269537252,2016-06-06,42,M,CENTRO,0,0,0,0,0,0.0661,Low Risk,0,-0.0331,0.0415,-1.3675,-0.0137,-0.0029,-0.0087,-0.0036,-0.0044,0.0469,0.0419
5789465,82178726754932,2016-06-08,39,F,SANTO ANDRÉ,0,0,1,1,0,0.0624,Low Risk,0,-0.0667,-0.0232,-1.4377,0.1441,-0.0183,-0.0067,-0.0105,-0.0017,0.0432,0.1094
5789470,9335692112689,2016-06-08,18,F,SANTO ANDRÉ,0,0,0,0,0,0.0921,Low Risk,0,0.3313,-0.0668,-1.2954,-0.0151,-0.0055,-0.0195,-0.0075,-0.0053,0.0341,0.0377
5789977,152596165394349,2016-06-08,34,F,SANTO ANDRÉ,0,0,1,0,0,0.0661,Low Risk,0,-0.0189,-0.0233,-1.4832,0.1457,-0.0047,-0.0082,-0.0075,-0.0017,0.0443,0.1114
5754803,979137527435824,2016-06-03,45,F,TABUAZEIRO,2,0,0,1,0,0.2163,Medium Risk,0,-0.1145,-0.0109,0.2155,-0.0241,-0.037,-0.0051,-0.008,-0.0015,0.0738,-0.2007
5754848,4695834771436,2016-06-02,58,F,MARUÍPE,1,0,0,1,0,0.206,Medium Risk,0,-0.2375,-0.0025,0.1728,-0.0243,0.0062,-0.0109,-0.0109,-0.0027,0.0556,0.0255
5767555,81398628844871,2016-06-02,18,F,MARUÍPE,0,0,0,0,0,0.1027,Low Risk,0,0.332,-0.0668,-1.2943,-0.0152,-0.0055,-0.0195,-0.0075,-0.0053,0.0355,0.0233
5735196,71991656893,2016-06-01,36,F,SANTOS DUMONT,7,1,0,0,0,0.3458,Medium Risk,0,0.0896,-0.016,0.3374,-0.0124,0.0038,-0.003,-0.0071,0.0012,-0.0687,0.3856
5754979,945572622281936,2016-06-07,59,F,SÃO CRISTÓVÃO,6,1,0,0,0,0.2002,Medium Risk,0,-0.2845,0.0026,0.342,-0.0201,-0.0103,-0.0059,-0.0111,-0.0013,-0.083,-0.0567
5761522,9483642543418,2016-06-06,50,M,SÃO CRISTÓVÃO,4,1,0,0,0,0.2214,Medium Risk,0,-0.1832,0.0216,0.3207,-0.0195,-0.0012,-0.0025,-0.0074,-0.0013,-0.0883,-0.0475
5761460,9159794899738,2016-06-06,53,M,TABUAZEIRO,4,1,0,1,0,0.202,Medium Risk,0,-0.205,0.0174,0.4207,-0.0217,-0.0298,-0.0042,-0.0066,-0.0013,-0.0954,-0.1533
5737501,44396496922525,2016-06-08,85,F,PRAIA DO SUÁ,13,1,0,1,0,0.2774,Medium Risk,0,-0.275,0.0094,0.5573,0.0289,0.0107,-0.0166,-0.0021,-0.0062,-0.1079,0.1611
5715371,121915548967,2016-06-08,1,F,PRAIA DO SUÁ,20,1,0,0,0,0.3571,Medium Risk,0,0.1241,-0.0222,0.6333,-0.0058,0.0069,-0.013,-0.0082,-0.0022,-0.1081,0.0117
5789453,791882127686876,2016-06-08,1,M,PRAIA DO SUÁ,0,0,0,0,0,0.0624,Low Risk,0,-0.1986,0.0512,-1.5003,0.0034,-0.0061,-0.0209,-0.0091,-0.0075,0.0467,0.143
5735910,45971672463927,2016-06-01,16,F,SANTA HELENA,6,1,1,0,0,0.3343,Medium Risk,0,0.3363,-0.0122,0.3067,0.1623,0.0069,-0.011,-0.0155,0.0009,-0.0793,-0.055
5535782,1918674985556,2016-06-01,63,F,JARDIM CAMBURI,60,1,0,1,1,0.2662,Medium Risk,0,-0.431,-0.002,0.7044,-0.0239,0.04,0.1599,-0.0055,-0.0028,-0.1779,0.0664
5544830,36846688483176,2016-06-08,62,F,JARDIM CAMBURI,63,1,0,0,0,0.2359,Medium Risk,0,-0.4715,0.0031,0.5142,-0.0238,-0.0268,-0.0113,-0.0073,-0.002,-0.1492,0.0428
5538997,925576585427166,2016-06-06,27,F,MARUÍPE,65,1,0,0,0,0.3845,Medium Risk,0,0.304,-0.0137,0.7853,-0.0245,0.0037,-0.0168,-0.0081,-0.0026,-0.1394,0.0933
5655610,2991952479728,2016-06-06,39,F,JARDIM CAMBURI,33,1,0,0,0,0.3316,Medium Risk,1,0.064,-0.0118,0.7082,-0.0239,0.0095,-0.0031,-0.0097,-0.0012,-0.0966,0.0228
5535335,5965757389437,2016-06-01,56,F,JARDIM CAMBURI,60,1,0,0,0,0.1963,Low Risk,0,-0.3837,-0.0104,0.6284,-0.024,-0.0269,-0.0089,-0.0085,-0.0018,-0.1622,0.0527
5538825,46568165545247,2016-06-08,42,F,JARDIM CAMBURI,67,1,0,0,0,0.3318,Medium Risk,0,-0.0244,-0.0119,0.6603,-0.024,-0.0017,-0.0061,-0.0078,-0.0018,-0.1507,0.0328
5787407,92398167328956,2016-06-08,68,F,JARDIM CAMBURI,0,0,0,0,0,0.0574,Low Risk,0,-0.3598,-0.0041,-1.2383,-0.0131,-0.0096,-0.0108,-0.0069,-0.0065,0.051,0.0699
5538839,8474369294,2016-06-08,57,F,JARDIM CAMBURI,67,0,0,0,0,0.2707,Medium Risk,0,-0.4299,-0.0032,0.737,-0.0271,-0.0232,-0.0119,-0.0093,-0.0021,0.1416,0.0197
5773968,64384331628428,2016-06-06,55,F,JARDIM CAMBURI,0,0,0,0,0,0.0624,Low Risk,0,-0.229,-0.0206,-1.295,-0.0136,0.0011,-0.0058,-0.0072,-0.0029,0.0527,0.0466
5543473,38785918177474,2016-06-06,47,F,JARDIM CAMBURI,61,1,0,0,0,0.1776,Low Risk,0,-0.22,-0.0119,0.3444,-0.0246,-0.0008,-0.0059,-0.0078,-0.0018,-0.1688,0.0838
5538165,88685148286334,2016-06-08,65,F,JARDIM CAMBURI,67,1,0,0,1,0.2674,Medium Risk,1,-0.5917,0.003,0.569,-0.0232,-0.0355,0.1569,-0.0054,-0.0028,-0.168,0.032
5790059,434896877229,2016-06-08,39,F,JARDIM CAMBURI,0,0,0,0,0,0.0624,Low Risk,0,-0.0813,-0.0224,-1.3936,-0.0132,0.0032,-0.0061,-0.0085,-0.0031,0.049,0.0541
5538614,98793411445,2016-06-08,61,M,JARDIM CAMBURI,67,1,0,1,0,0.24,Medium Risk,0,-0.4491,0.004,0.6154,-0.0216,0.0289,-0.012,-0.0029,-0.002,-0.1496,0.0027
5767111,696912457138385,2016-06-02,46,F,JARDIM CAMBURI,0,0,0,0,0,0.0624,Low Risk,0,-0.0921,-0.0224,-1.3589,-0.013,-0.0004,-0.0068,-0.0072,-0.0032,0.0546,0.0647
5735115,4955776311641,2016-06-03,49,M,JARDIM CAMBURI,9,1,0,0,0,0.2511,Medium Risk,0,-0.083,0.0212,0.5215,-0.0193,-0.0014,-0.0039,-0.0054,-0.0012,-0.1284,0.0017
5540067,221193135225696,2016-06-07,78,F,JARDIM CAMBURI,66,1,0,0,0,0.2114,Medium Risk,0,-0.2678,0.0008,0.6805,0.0255,-0.0389,-0.0192,0.0022,-0.0081,-0.1475,0.072
5780857,94653897823641,2016-06-07,34,F,JARDIM CAMBURI,0,0,0,0,0,0.0574,Low Risk,0,-0.0623,-0.0224,-1.4051,-0.0132,-0.0036,-0.0061,-0.0054,-0.0031,0.0501,0.0602
5536662,18499543234352,2016-06-02,69,F,JARDIM CAMBURI,61,1,0,0,0,0.1617,Low Risk,0,-0.4826,0.0029,0.4313,-0.0238,-0.0252,-0.0145,-0.0074,-0.0055,-0.1497,0.0646
5710813,191843958678259,2016-06-03,57,M,JARDIM CAMBURI,16,1,0,0,0,0.2276,Medium Risk,0,-0.3504,0.0029,0.5738,-0.0187,-0.0202,-0.0059,-0.0058,-0.0012,-0.1189,-0.0239
5759991,1759112865258,2016-06-01,16,F,SANTA MARTHA,0,0,0,0,0,0.0624,Low Risk,0,0.5217,-0.0726,-1.4456,-0.0135,-0.005,-0.0126,-0.0049,-0.0048,0.0817,-0.4868
5752372,1759112865258,2016-06-01,16,F,SANTA MARTHA,0,0,0,0,0,0.0624,Low Risk,1,0.5217,-0.0726,-1.4456,-0.0135,-0.005,-0.0126,-0.0049,-0.0048,0.0817,-0.4868
5778505,84481135311292,2016-06-06,17,F,SANTA MARTHA,0,0,1,0,0,0.0582,Low Risk,0,0.5858,-0.0702,-1.5053,0.1171,-0.0047,-0.0143,-0.0067,-0.0049,0.0923,-0.4735
5788789,9372279587751,2016-06-08,66,F,MARIA ORTIZ,0,0,0,0,0,0.0457,Low Risk,0,-0.3543,-0.0061,-1.3098,-0.0179,-0.0162,-0.0111,-0.0068,-0.0071,0.0446,-0.0258
5773438,85973267877595,2016-06-06,56,F,SANTA LÚCIA,0,0,0,1,1,0.0574,Low Risk,0,-0.3127,-0.019,-1.2838,-0.0134,-0.0085,0.1142,-0.0065,-0.0027,0.0559,0.0039
5775696,36289932269952,2016-06-06,40,F,GRANDE VITÓRIA,0,0,0,1,0,0.0645,Low Risk,0,-0.1028,-0.022,-1.3679,-0.0131,-0.0169,-0.0068,-0.0104,-0.0042,0.0451,0.0394
5756035,53448151811255,2016-06-01,5,F,GRANDE VITÓRIA,0,0,0,0,0,0.061,Low Risk,0,-0.0282,0.0042,-1.4079,-0.0119,-0.0057,-0.0188,-0.0096,-0.0099,0.0564,0.0697
5757010,8718689965789,2016-06-01,67,F,GRANDE VITÓRIA,0,0,0,1,1,0.0645,Low Risk,0,-0.3524,-0.0088,-1.2881,-0.0131,0.008,0.1462,-0.008,-0.0049,0.054,0.0596
5789356,9911813411516,2016-06-08,52,F,ESTRELINHA,0,0,0,1,1,0.0675,Low Risk,0,-0.1728,-0.0208,-1.2322,-0.013,-0.0213,0.1562,-0.0063,-0.0033,0.0504,-0.0321
5780858,92644712339532,2016-06-08,50,F,SANTA MARTHA,0,0,0,1,0,0.0317,Low Risk,0,-0.1517,-0.0272,-1.5311,-0.0143,-0.0567,-0.0058,-0.0046,-0.0035,0.0838,-0.5212
5775061,116573297336396,2016-06-06,20,F,NOVA PALESTINA,0,0,0,0,0,0.1069,Low Risk,0,0.3698,-0.0655,-1.2747,-0.0123,-0.004,-0.0241,-0.0056,-0.0042,0.0453,0.0967
5771396,663315861966,2016-06-06,13,F,NOVA PALESTINA,2,0,0,0,0,0.3198,Medium Risk,0,0.3639,-0.0037,0.1523,-0.021,0.0064,-0.0253,-0.0086,-0.0019,0.0607,0.0627
5758735,7261589153223,2016-06-01,31,F,NOVA PALESTINA,0,0,0,0,0,0.0624,Low Risk,0,-0.0314,-0.0228,-1.4385,-0.0127,-0.0036,-0.0084,-0.0036,-0.0031,0.049,0.0721
5738398,617494759216741,2016-06-01,1,M,NOVA PALESTINA,6,1,0,0,0,0.2654,Medium Risk,1,0.0337,-0.0097,0.3336,-0.0059,0.0059,-0.0204,-0.0115,-0.0013,-0.0817,0.0107
5734118,771232332634891,2016-06-01,8,M,NOVA PALESTINA,7,1,0,0,0,0.2652,Medium Risk,0,0.0672,-0.004,0.2673,-0.0196,0.0059,-0.0204,-0.0106,-0.0014,-0.1006,0.0175
5729501,956175758392,2016-06-02,16,M,CONQUISTA,8,1,1,0,0,0.3463,Medium Risk,0,0.3747,0.0211,0.3529,0.1538,0.0059,-0.0126,-0.0117,0.0009,-0.0945,-0.0445
5761206,36512475291814,2016-06-02,54,F,REDENÇÃO,0,0,1,1,0,0.0574,Low Risk,0,-0.1824,-0.0216,-1.3548,0.1225,-0.0211,-0.008,-0.0088,-0.0012,0.0544,0.0093
5738242,76692947418534,2016-06-02,28,M,NOVA PALESTINA,7,1,0,0,0,0.3156,Medium Risk,1,0.2336,0.0255,0.4079,-0.02,0.0059,-0.0206,-0.006,-0.0014,-0.0786,0.0167
5711859,14662673638663,2016-06-01,42,F,SANTA MARTHA,13,1,0,0,0,0.3003,Medium Risk,0,0.0782,-0.0123,0.7017,-0.0257,0.0035,-0.0025,-0.0055,-0.0017,-0.0555,-0.1655
5776746,928214452155,2016-06-08,60,F,MONTE BELO,1,0,0,0,0,0.206,Medium Risk,0,-0.306,-0.0007,0.1941,-0.0234,-0.0209,-0.0124,-0.0099,-0.002,0.0546,0.0544
5740811,359578638343,2016-06-01,53,F,SANTO ANTÔNIO,6,1,0,0,0,0.2024,Medium Risk,0,-0.2217,-0.0088,0.3664,-0.0252,0.0019,-0.0049,-0.0082,-0.0013,-0.0908,-0.1275
5747795,16482264718399,2016-06-01,7,F,VILA RUBIM,1,0,0,0,0,0.1933,Low Risk,0,0.1325,0.0128,0.1143,-0.0217,0.0068,-0.0134,-0.0089,-0.0013,0.0694,-0.3451
5774984,54483635262762,2016-06-06,70,F,JOANA D´ARC,0,0,0,1,0,0.0485,Low Risk,0,-0.3752,-0.0093,-1.2476,-0.0135,-0.0088,-0.0111,-0.0038,-0.0071,0.0521,0.0214
5777403,269294395786,2016-06-06,48,F,SANTA MARTHA,0,0,0,1,1,0.0378,Low Risk,0,-0.074,-0.0259,-1.559,-0.018,-0.0278,0.0419,-0.0018,-0.003,0.0854,-0.6191
5777272,211443246517493,2016-06-06,48,F,JOANA D´ARC,0,0,0,0,1,0.0645,Low Risk,0,-0.1182,-0.0203,-1.2463,-0.0138,-0.0102,0.1371,-0.0014,-0.0025,0.0557,-0.0725
5734717,33722625753785,2016-06-06,54,F,SANTA TEREZA,12,1,0,0,0,0.2304,Medium Risk,1,-0.2427,-0.0095,0.5297,-0.0218,-0.0034,-0.0051,-0.0088,-0.0013,-0.118,-0.0683
5736831,74137188948255,2016-06-01,75,M,SANTO ANTÔNIO,6,1,0,0,0,0.1801,Low Risk,0,-0.5014,-0.0062,0.3704,0.0255,-0.0177,-0.0147,-0.0073,-0.0043,-0.0865,-0.0995
5720051,71154656656786,2016-06-02,25,M,ILHA DE SANTA MARIA,13,1,0,0,0,0.3532,Medium Risk,1,0.3553,0.0278,0.5582,-0.0173,0.0039,-0.0078,-0.0056,-0.0014,-0.084,-0.0451
5735467,845581477724,2016-06-07,57,M,CENTRO,12,1,0,0,0,0.2317,Medium Risk,1,-0.3055,0.0015,0.5367,-0.0211,-0.0256,-0.0062,-0.0064,-0.0018,-0.1181,0.0066
5732201,97618159565764,2016-06-02,58,F,JARDIM CAMBURI,8,1,0,0,0,0.2121,Medium Risk,0,-0.3217,0.0027,0.387,-0.0201,-0.0137,-0.006,-0.0098,-0.0012,-0.0903,-0.0249
5764585,32534337975586,2016-06-02,25,M,BELA VISTA,0,0,0,0,0,0.0978,Low Risk,0,0.3195,0.0208,-1.3659,-0.0162,-0.0042,-0.02,0.167,-0.0043,0.0555,0.0528
5739100,77948278698514,2016-06-02,38,M,ILHA DAS CAIEIRAS,7,0,0,0,0,0.3124,Medium Risk,0,0.0526,0.0237,0.3725,-0.0232,0.0055,-0.0059,-0.0092,-0.0018,0.074,0.0173
5701908,393622865918939,2016-06-06,29,F,GRANDE VITÓRIA,20,1,0,0,0,0.3266,Medium Risk,1,0.181,-0.0179,0.5135,-0.0172,0.0069,-0.0152,-0.0097,-0.002,-0.1088,-0.0918
5701915,46946985511333,2016-06-06,23,F,GRANDE VITÓRIA,20,1,1,0,0,0.3759,Medium Risk,0,0.2929,-0.0184,0.5082,0.1386,0.0073,-0.0155,-0.0137,0.0004,-0.0906,-0.1018
5715773,336754395491979,2016-06-06,40,F,GRANDE VITÓRIA,18,1,0,0,0,0.3376,Medium Risk,0,0.0668,-0.0109,0.7092,-0.0202,0.0007,-0.008,-0.0107,-0.0019,-0.105,0.0002
5723179,41288518574894,2016-06-08,23,F,ESTRELINHA,18,1,0,0,0,0.3645,Medium Risk,0,0.3376,-0.0152,0.6566,-0.0162,0.0004,-0.0159,-0.0078,-0.0015,-0.0838,-0.0549
5754649,29172356337935,2016-06-02,7,F,MONTE BELO,1,0,0,0,0,0.2255,Medium Risk,0,0.0558,-0.0133,0.1194,-0.0231,0.0007,-0.0181,-0.0107,-0.0024,0.0611,0.0468
5715969,39841347573794,2016-06-07,35,M,CARATOÍRA,19,1,0,1,0,0.382,Medium Risk,0,0.0638,0.0384,0.6845,-0.0113,-0.0495,-0.0056,-0.0026,-0.0014,-0.1067,0.2397
5751642,76251247559867,2016-06-07,27,F,CENTRO,6,1,0,0,0,0.2941,Medium Risk,1,0.2526,-0.013,0.3581,-0.0215,0.0052,-0.014,-0.0102,-0.002,-0.0528,-0.016
5773990,738319687645817,2016-06-06,1,F,CARATOÍRA,0,0,0,0,0,0.0524,Low Risk,0,-0.0764,-0.0797,-1.6,0.0145,-0.0118,-0.0194,-0.005,-0.0065,0.046,0.1485
5699497,453817481437312,2016-06-06,1,F,CARATOÍRA,20,0,0,0,0,0.4282,High Risk,0,0.1519,-0.0217,0.7053,0.0262,0.0031,-0.0152,-0.0063,-0.0018,0.1093,0.1364
5699522,86177728896856,2016-06-06,5,M,ARIOVALDO FAVALESSA,20,1,0,0,0,0.2736,Medium Risk,0,0.044,-0.0165,0.6901,-0.0165,0.0077,-0.017,-0.0076,-0.0007,-0.1275,-0.2079
5704065,141174321651141,2016-06-06,1,M,CARATOÍRA,20,1,1,0,0,0.2374,Medium Risk,1,-0.1152,-0.0304,0.5663,-0.1486,0.0032,-0.0149,-0.0121,-0.0024,-0.0348,0.0763
5698206,719488219876589,2016-06-06,39,M,ARIOVALDO FAVALESSA,20,1,0,0,0,0.2689,Medium Risk,1,0.0578,0.0193,0.661,-0.0207,0.0099,-0.0004,-0.0057,-0.0009,-0.1071,-0.2242
5774151,774924495791,2016-06-06,53,F,CARATOÍRA,0,0,1,0,0,0.0574,Low Risk,0,-0.1439,-0.0752,-1.4698,0.067,-0.0091,-0.0091,-0.0046,-0.001,0.0488,-0.015
5702074,5128698655192,2016-06-07,5,M,CARATOÍRA,21,1,1,0,0,0.3272,Medium Risk,0,0.025,0.0069,0.8898,0.0184,0.0033,-0.0148,-0.0123,-0.0025,-0.1295,0.1704
5700739,5246736756494,2016-06-07,69,M,ITARARÉ,21,1,0,1,0,0.2687,Medium Risk,0,-0.5825,-0.0067,0.8163,-0.0107,-0.0063,-0.0181,-0.0044,-0.0027,-0.108,0.2878
5721472,42831773331512,2016-06-06,30,F,ITARARÉ,17,1,0,0,0,0.4193,High Risk,0,0.1836,-0.0176,0.7438,-0.0102,0.0054,-0.0036,-0.0027,0.001,-0.0921,0.346
5702355,7484412377324,2016-06-03,74,F,ITARARÉ,17,1,0,1,0,0.2024,Medium Risk,1,-0.6212,0.007,0.689,0.0375,-0.0079,-0.0178,-0.005,-0.0027,-0.1046,0.1858
5756221,97663897428883,2016-06-01,1,F,ITARARÉ,0,0,0,0,0,0.0531,Low Risk,0,-0.112,-0.068,-1.5889,0.0143,-0.0104,-0.019,-0.005,-0.0051,0.0448,0.2031
5776571,68879963984588,2016-06-06,60,F,DA PENHA,0,0,0,1,0,0.0574,Low Risk,0,-0.1923,-0.0111,-1.2687,-0.0177,0.012,-0.0088,-0.0076,-0.0041,0.0444,0.1002
5701013,1159486423918,2016-06-07,5,M,ITARARÉ,21,1,0,0,0,0.3973,Medium Risk,0,0.0666,0.0086,0.9747,-0.0014,0.0075,-0.0145,-0.0082,-0.0004,-0.1166,0.4223
5701461,23943372636498,2016-06-07,38,F,ITARARÉ,21,1,0,0,0,0.4237,High Risk,0,0.0835,-0.0172,0.9586,-0.0122,0.0086,-0.003,-0.006,0.0012,-0.0923,0.4395
5700309,8947667823215,2016-06-07,45,F,ITARARÉ,21,0,0,0,0,0.4457,High Risk,0,-0.013,-0.0191,1.0448,-0.0131,0.0132,-0.0062,-0.006,0.001,0.1135,0.3952
5768753,5382287444,2016-06-03,19,F,GRANDE VITÓRIA,0,0,0,0,0,0.1192,Low Risk,0,0.3484,-0.0649,-1.2847,-0.012,-0.0055,-0.0189,-0.0093,-0.0053,0.0424,0.0366
5700008,93616834599368,2016-06-06,60,M,ITARARÉ,20,0,0,0,0,0.3263,Medium Risk,0,-0.3491,0.0096,0.6943,-0.0128,-0.0292,-0.0125,-0.0062,0.0008,0.0957,0.3702
5748798,1713749652268,2016-06-06,78,F,ITARARÉ,5,1,0,0,1,0.1801,Low Risk,1,-0.4727,-0.0029,0.3216,0.014,-0.0371,0.1069,0.0056,-0.0001,-0.1,0.1392
5768164,23169779586344,2016-06-03,74,M,GRANDE VITÓRIA,0,0,0,0,0,0.048,Low Risk,0,-0.4902,0.0069,-1.2599,0.027,-0.0242,-0.0154,-0.0061,-0.0076,0.0451,0.0503
5699061,491654611554873,2016-06-01,8,F,ITARARÉ,15,1,0,0,0,0.378,Medium Risk,0,0.0906,-0.0144,0.6394,-0.0073,0.0049,-0.0083,-0.0059,-0.0004,-0.1061,0.3027
5756702,5183635172843,2016-06-01,1,M,ITARARÉ,0,0,0,0,0,0.0624,Low Risk,0,-0.1249,0.0821,-1.4978,0.0157,-0.0057,-0.0207,-0.0086,-0.005,0.0461,0.3109
5692668,34572533761976,2016-06-01,0,F,ITARARÉ,19,1,0,0,0,0.329,Medium Risk,1,-0.1359,-0.0188,0.8185,0.0088,0.0073,-0.0163,-0.0057,-0.0003,-0.1222,0.2998
5761567,495377934535881,2016-06-01,44,F,JARDIM CAMBURI,0,0,0,0,0,0.0675,Low Risk,0,-0.031,-0.0224,-1.3798,-0.0132,-0.0004,-0.0068,-0.0072,-0.0032,0.0505,0.0576
5692320,491261716791,2016-06-06,17,M,SÃO BENEDITO,24,1,1,0,0,0.4096,High Risk,0,0.3319,0.0191,0.7663,0.1218,0.0072,-0.0148,-0.0103,0.0007,-0.1643,-0.0547
5789955,2431713755862,2016-06-08,49,M,SANTA MARTHA,0,0,0,1,1,0.0411,Low Risk,0,-0.1508,0.0412,-1.5712,-0.0223,-0.0521,-0.0046,0.0113,0.043,0.0955,-0.7027
5758085,682666931281962,2016-06-01,28,F,SANTA MARTHA,0,0,0,1,1,0.0508,Low Risk,0,0.2561,-0.0294,-1.545,-0.0173,0.0012,0.1654,-0.0006,-0.0032,0.0804,-0.6813
5719322,525859152337,2016-06-01,70,F,SANTA MARTHA,12,1,0,1,0,0.1963,Low Risk,0,-0.5396,-0.003,0.7182,-0.0231,-0.0122,-0.0159,-0.0056,-0.0064,-0.0572,-0.2494
5702820,4318492548924,2016-06-01,16,F,DA PENHA,15,1,0,0,0,0.3699,Medium Risk,1,0.3562,-0.0146,0.5807,-0.02,0.0046,-0.0087,-0.0088,-0.0018,-0.0939,0.0621
5768359,494663614758294,2016-06-03,38,M,ITARARÉ,0,0,0,0,0,0.0759,Low Risk,0,-0.0209,0.0826,-1.5337,-0.0101,0.0019,-0.0061,0.1325,0.0017,0.0499,0.2201
5699583,12789588223,2016-06-06,59,F,ITARARÉ,20,1,0,0,0,0.3092,Medium Risk,0,-0.286,-0.0115,0.6621,-0.0132,-0.0143,-0.0059,-0.0051,0.0013,-0.1044,0.3727
5760248,35841135967377,2016-06-06,45,M,ITARARÉ,4,1,0,0,0,0.3065,Medium Risk,1,-0.0877,0.029,0.3453,-0.0132,0.0058,-0.0048,-0.0068,0.0013,-0.0878,0.2865
5699900,596556925176689,2016-06-07,6,F,DA PENHA,21,1,0,0,0,0.3481,Medium Risk,0,0.0585,0.0089,0.8264,-0.0181,0.0069,-0.013,-0.0088,-0.003,-0.1159,0.0417
5733888,11163631268489,2016-06-07,35,M,SANTA MARTHA,13,1,0,0,0,0.3229,Medium Risk,0,0.1037,0.0252,0.6907,-0.0243,0.0062,-0.0016,-0.002,-0.0017,-0.0655,-0.1593
5733556,538568397762195,2016-06-07,37,F,SANTA MARTHA,13,1,0,0,0,0.2894,Medium Risk,1,0.0594,-0.0123,0.6975,-0.0257,0.0069,-0.0016,-0.0068,-0.0017,-0.0533,-0.1687
5784395,1188991819197,2016-06-07,22,F,TABUAZEIRO,0,0,0,0,0,0.0696,Low Risk,0,0.2724,-0.0403,-1.3529,-0.0125,-0.0051,-0.022,-0.005,-0.0043,0.05,-0.1088
5681818,27712167598249,2016-06-07,49,M,BONFIM,27,1,0,0,1,0.3051,Medium Risk,0,-0.1544,0.0236,0.5963,-0.0184,-0.0096,0.0652,-0.0037,-0.0015,-0.1448,0.0259
5777132,36956389379136,2016-06-06,21,F,BONFIM,0,0,0,0,0,0.0746,Low Risk,0,0.2024,-0.0469,-1.3665,-0.012,-0.0055,-0.0189,-0.0073,-0.0054,0.0421,0.0263
5768312,73166912875459,2016-06-03,48,M,ITARARÉ,0,0,0,0,0,0.0696,Low Risk,0,-0.1241,0.0944,-1.3838,-0.0079,-0.0033,-0.0083,-0.0029,0.0016,0.0494,0.2019
5775109,79491616856775,2016-06-06,2,F,ITARARÉ,0,0,0,0,0,0.0524,Low Risk,0,-0.1092,-0.068,-1.6043,0.0193,-0.0104,-0.019,-0.005,-0.0051,0.0448,0.2107
5701292,835466772737979,2016-06-06,5,F,ITARARÉ,20,1,0,0,0,0.4015,High Risk,0,0.0587,-0.0088,0.7534,-0.0027,0.0073,-0.0127,-0.0058,-0.0004,-0.111,0.314
5769252,9889841221163,2016-06-03,0,M,ITARARÉ,0,0,0,0,0,0.0683,Low Risk,0,-0.178,0.0911,-1.41,0.0156,-0.0057,-0.0207,-0.0086,-0.005,0.0437,0.2043
5753320,72471398247268,2016-06-03,60,M,CRUZAMENTO,2,1,0,1,0,0.1939,Low Risk,0,-0.2543,0.0016,0.1993,-0.0238,0.0154,-0.01,-0.0066,-0.0019,-0.0749,0.083
5763694,81886343468464,2016-06-03,70,F,JARDIM DA PENHA,0,0,0,1,1,0.0378,Low Risk,0,-0.3223,-0.0167,-1.4681,-0.015,-0.0302,0.1285,-0.0019,-0.0056,0.0558,-0.4191
5774277,1538834869352,2016-06-06,6,F,INHANGUETÁ,0,0,0,0,0,0.0645,Low Risk,0,-0.036,0.0042,-1.3972,-0.0119,-0.0057,-0.0188,-0.009,-0.0099,0.0564,0.0662
5720071,863541298166,2016-06-08,7,F,INHANGUETÁ,19,1,0,0,0,0.3028,Medium Risk,0,0.1025,0.0183,0.6271,-0.0161,0.007,-0.0167,-0.0089,-0.0034,-0.132,-0.0085
5689504,7458784964133,2016-06-01,34,F,ESTRELINHA,19,1,0,0,0,0.3244,Medium Risk,1,0.1002,-0.0112,0.6873,-0.0202,0.0083,-0.0067,-0.0061,-0.0014,-0.1072,-0.0372
5692490,163826695917743,2016-06-02,45,M,MATA DA PRAIA,20,1,0,0,0,0.2374,Medium Risk,0,-0.1194,0.0193,0.6023,-0.0206,0.0054,-0.0011,-0.0044,-0.001,-0.1406,-0.206
5770321,66669941524683,2016-06-06,48,F,ITARARÉ,2,0,1,0,0,0.3194,Medium Risk,1,-0.0408,-0.0161,0.2799,0.1249,0.0015,-0.0095,-0.0098,0.0,0.0629,0.2193
5694409,523292479398536,2016-06-02,24,F,SANTA LUÍZA,19,1,0,0,0,0.3316,Medium Risk,0,0.3607,-0.0132,0.6237,-0.0192,0.0088,-0.0253,-0.0054,-0.0014,-0.0801,-0.1465
5766399,8979956688929,2016-06-02,80,M,PRAIA DO CANTO,0,0,0,0,0,0.0974,Low Risk,0,-0.1536,0.0115,-1.181,0.0286,-0.0087,-0.0379,0.0076,-0.0063,0.0518,0.0321
5734165,2595462161376,2016-06-07,61,M,SANTA LUÍZA,13,1,0,1,1,0.1933,Low Risk,0,-0.3227,-0.0004,0.4955,-0.0226,-0.0036,0.0897,-0.0028,-0.0011,-0.1356,-0.2035
5723568,983925473986,2016-06-06,34,F,PRAIA DO CANTO,16,1,0,0,0,0.2511,Medium Risk,0,0.0403,-0.0095,0.6338,-0.0223,0.0068,-0.0016,-0.0045,-0.0013,-0.1003,-0.2337
5762769,73166912875459,2016-06-02,48,M,ITARARÉ,0,0,0,0,0,0.0696,Low Risk,0,-0.1241,0.0944,-1.3838,-0.0079,-0.0033,-0.0083,-0.0029,0.0016,0.0494,0.2019
5757954,65855241174299,2016-06-03,39,F,ANDORINHAS,1,0,0,0,0,0.2603,Medium Risk,0,0.0475,-0.0128,0.1934,-0.0289,0.0062,-0.0066,-0.0115,-0.0018,0.0518,0.0363
5760012,6324225588619,2016-06-01,35,M,ANDORINHAS,0,0,0,0,0,0.0656,Low Risk,0,-0.028,0.042,-1.4428,-0.0176,-0.0055,-0.0078,-0.0018,-0.0037,0.0464,-0.0074
5759312,34935792696144,2016-06-01,21,F,ANDORINHAS,0,0,0,0,0,0.0753,Low Risk,1,0.2142,-0.0489,-1.4293,-0.0166,-0.0055,-0.0195,-0.007,-0.005,0.0408,-0.0189
5758807,7188424934924,2016-06-01,30,F,ANDORINHAS,0,0,0,0,0,0.0753,Low Risk,0,0.1259,-0.0265,-1.4297,-0.0171,-0.0051,-0.0103,-0.0051,-0.0051,0.0446,0.0185
5758203,15899487133436,2016-06-01,37,F,ANDORINHAS,0,0,0,0,0,0.0656,Low Risk,0,-0.0334,-0.0244,-1.4495,-0.018,-0.0051,-0.0079,-0.0084,-0.0038,0.0435,0.0133
5774814,54976789847922,2016-06-06,19,M,ANDORINHAS,0,0,0,0,0,0.1312,Low Risk,0,0.4362,0.1004,-1.2963,-0.0163,-0.0059,-0.021,-0.0042,-0.0048,0.0478,-0.0449
5777923,282252725456385,2016-06-06,55,F,SOLON BORGES,0,0,0,1,0,0.0222,Low Risk,0,-0.366,-0.0253,-1.542,-0.0147,-0.0463,-0.0085,-0.0053,-0.0039,0.0669,-0.7811
5674503,11773735115814,2016-06-06,59,F,SANTO ANTÔNIO,27,1,0,0,0,0.2121,Medium Risk,0,-0.3356,0.0021,0.5437,-0.0231,-0.0077,-0.0067,-0.0057,-0.0011,-0.1145,-0.1711
5754396,44637835475297,2016-06-01,49,F,INHANGUETÁ,0,0,0,0,1,0.0675,Low Risk,1,-0.1302,-0.0204,-1.2973,-0.0133,-0.0068,0.1657,-0.0064,-0.0038,0.0564,0.0339
5785693,92164812584834,2016-06-08,30,F,BELA VISTA,0,0,0,0,0,0.0696,Low Risk,0,0.0763,-0.0244,-1.378,-0.0128,-0.0036,-0.0084,-0.0051,-0.0045,0.049,0.0293
5787505,51634382317515,2016-06-08,30,F,BONFIM,0,0,1,0,0,0.0746,Low Risk,0,0.0991,-0.0236,-1.4323,0.1092,-0.0047,-0.01,-0.0071,-0.0031,0.0475,0.0438
5786893,7379988521272,2016-06-08,24,M,ITARARÉ,0,0,0,0,0,0.1211,Low Risk,0,0.2651,0.12,-1.4009,-0.0053,-0.0054,-0.021,-0.0036,0.0005,0.0462,0.218
5756595,498142981975183,2016-06-01,36,F,ITARARÉ,0,0,0,0,0,0.0574,Low Risk,0,-0.0758,-0.0626,-1.5279,-0.0085,-0.0097,-0.0075,-0.005,0.0016,0.0429,0.1319
5751973,166817521892,2016-06-03,42,F,ANDORINHAS,2,1,0,0,0,0.2477,Medium Risk,0,0.0595,-0.0108,0.2385,-0.0288,0.0012,-0.006,-0.0099,-0.0017,-0.0714,0.0459
5777509,566176927247958,2016-06-06,36,F,ANDORINHAS,0,0,1,0,0,0.0716,Low Risk,0,-0.0188,-0.0236,-1.5202,0.1594,-0.0047,-0.0081,-0.0101,-0.0012,0.0451,0.0534
5773372,863144423124469,2016-06-06,2,F,CARATOÍRA,0,0,0,0,0,0.0524,Low Risk,0,-0.0807,-0.0797,-1.6013,0.0195,-0.0118,-0.0194,-0.005,-0.0065,0.046,0.149
5779689,1335465266868,2016-06-07,8,F,CARATOÍRA,0,0,0,0,0,0.0781,Low Risk,0,0.2795,-0.1135,-1.3361,-0.0047,-0.0116,-0.0194,-0.005,-0.0075,0.0487,0.0447
5752770,6329938713874,2016-06-01,0,M,CARATOÍRA,0,0,0,0,0,0.0711,Low Risk,0,-0.1493,0.1056,-1.4048,0.0158,-0.0077,-0.0209,-0.0086,-0.0065,0.0457,0.1751
5761855,38449121154357,2016-06-02,2,M,SANTO ANTÔNIO,0,0,1,0,0,0.0444,Low Risk,0,-0.3063,-0.0029,-1.4351,-0.0063,-0.0041,-0.0246,-0.0091,-0.0045,0.0364,0.0903
5761795,485827489493789,2016-06-02,5,M,CARATOÍRA,0,0,0,0,0,0.0675,Low Risk,0,-0.0954,0.0981,-1.4359,0.0006,-0.0077,-0.0209,-0.0086,-0.0074,0.052,0.175
5762991,35241615522883,2016-06-03,2,M,CARATOÍRA,0,0,0,0,0,0.0624,Low Risk,0,-0.0998,0.0966,-1.4947,0.0209,-0.0077,-0.0209,-0.0086,-0.0065,0.0474,0.2829
5773926,43679385472426,2016-06-06,0,M,SÃO PEDRO,0,0,0,0,0,0.0603,Low Risk,0,-0.3174,0.028,-1.348,0.0028,-0.0061,-0.0209,-0.0092,-0.0071,0.0589,0.1127
5722451,864545457812118,2016-06-01,40,F,SÃO PEDRO,11,1,0,0,0,0.343,Medium Risk,0,0.0646,-0.011,0.5527,-0.0251,0.0058,-0.0042,-0.0097,-0.0016,-0.0911,0.1407
5762264,6256757659245,2016-06-02,16,F,SANTOS REIS,0,0,0,0,0,0.12,Low Risk,0,0.5064,-0.0681,-1.1999,-0.012,-0.0044,-0.0148,-0.0078,-0.0061,0.0544,0.0211
5722367,85935946944745,2016-06-01,70,M,SÃO PEDRO,11,1,0,1,0,0.2144,Medium Risk,0,-0.5125,0.0011,0.5155,-0.0213,0.0171,-0.0121,-0.0054,-0.0087,-0.1098,0.1075
5627240,36176782934746,2016-06-02,60,M,PARQUE MOSCOSO,35,1,0,0,0,0.2317,Medium Risk,0,-0.4065,0.0142,0.6072,-0.0193,-0.0287,-0.0093,-0.005,-0.0015,-0.1194,0.1592
5627421,632813487686354,2016-06-02,60,M,VILA RUBIM,35,1,0,0,0,0.1801,Low Risk,0,-0.4381,-0.0022,0.5392,-0.0248,-0.022,-0.0079,-0.0053,-0.0015,-0.1297,-0.5101
5753630,4988192165843,2016-06-08,60,M,CENTRO,7,1,0,0,0,0.2152,Medium Risk,0,-0.328,-0.0092,0.3638,-0.0198,-0.027,-0.0085,-0.0067,-0.002,-0.0802,0.0011
5716174,698689697261997,2016-06-01,28,F,CONQUISTA,13,1,0,0,0,0.3156,Medium Risk,0,0.1735,-0.0105,0.5691,-0.0192,0.0059,-0.0059,-0.0086,-0.0014,-0.1044,-0.0245
5760921,512624973433713,2016-06-02,51,F,REDENÇÃO,0,0,0,0,0,0.0574,Low Risk,0,-0.1688,-0.0225,-1.2925,-0.0131,0.0011,-0.0069,-0.0072,-0.0032,0.0522,0.0189
5759761,51132193388374,2016-06-02,25,F,CONQUISTA,0,0,1,0,0,0.1027,Low Risk,0,0.2092,-0.0401,-1.4117,0.1047,-0.0037,-0.0153,-0.0093,-0.0024,0.0544,0.0349
5768330,27138493574,2016-06-03,66,M,NOVA PALESTINA,0,0,0,1,0,0.0494,Low Risk,0,-0.4168,0.0131,-1.2469,-0.0128,0.0005,-0.0115,-0.0027,-0.0065,0.051,0.036
5756236,85333957826886,2016-06-01,41,M,NOVA PALESTINA,0,0,0,0,0,0.0624,Low Risk,0,-0.0645,0.0394,-1.3863,-0.0131,0.0027,-0.0068,-0.0027,-0.0032,0.0505,0.0503
5785918,697327182542745,2016-06-08,52,M,CONQUISTA,0,0,0,0,0,0.0624,Low Risk,0,-0.1676,0.0393,-1.2549,-0.0125,0.0006,-0.0068,-0.0032,-0.0032,0.0566,0.0058
5672454,146995451582616,2016-06-01,2,M,BONFIM,22,1,0,0,0,0.331,Medium Risk,1,0.1005,-0.0032,0.7751,0.0057,0.0063,-0.0144,-0.0085,-0.0018,-0.12,-0.0593
5785144,93334872118731,2016-06-08,9,F,DA PENHA,0,0,0,0,0,0.1277,Low Risk,0,0.425,-0.0598,-1.1712,-0.0252,-0.0055,-0.0195,-0.0087,-0.0115,0.048,0.0529
5773971,67611992618774,2016-06-06,59,M,ILHA DAS CAIEIRAS,0,0,0,1,1,0.0759,Low Risk,0,-0.3815,-0.0353,-1.2968,-0.0166,0.0115,0.0949,0.0931,-0.0015,0.0604,0.2181
5722510,8375214542827,2016-06-02,73,M,SÃO PEDRO,12,1,0,1,0,0.2327,Medium Risk,0,-0.5024,0.0059,0.5092,0.0193,0.0171,-0.0165,-0.0058,-0.0053,-0.1098,0.1338
5743232,5584469928131,2016-06-08,55,M,SANTOS REIS,8,0,0,0,0,0.2892,Medium Risk,0,-0.198,-0.0222,0.4396,-0.0294,0.0,-0.002,0.2362,-0.0006,0.1164,-0.0508
5731820,31882813184695,2016-06-01,80,M,JARDIM CAMBURI,7,1,0,0,0,0.2024,Medium Risk,0,-0.3766,-0.0055,0.3432,0.0294,-0.0213,-0.0162,0.0023,-0.005,-0.0841,-0.0039
5741079,871164772258,2016-06-02,42,F,JARDIM CAMBURI,7,1,0,0,0,0.2761,Medium Risk,0,0.0674,-0.0096,0.4192,-0.0231,0.0031,-0.0041,-0.0095,-0.0012,-0.0792,-0.0104
5779730,8235356455932,2016-06-07,51,F,BONFIM,0,0,0,1,0,0.0574,Low Risk,0,-0.1626,-0.0224,-1.2866,-0.0127,0.0007,-0.0091,-0.0072,-0.0042,0.0491,0.0352
5761879,79933673372871,2016-06-08,40,M,SANTOS REIS,5,0,0,0,0,0.3564,Medium Risk,0,0.1262,-0.022,0.4094,-0.0308,0.0066,-0.0015,0.3162,-0.0005,0.1018,-0.0228
5716845,628897557412779,2016-06-01,36,F,SANTOS REIS,12,1,0,0,0,0.3091,Medium Risk,0,0.0711,-0.0095,0.5651,-0.0226,0.0059,-0.003,-0.0101,-0.0013,-0.0992,-0.0425
5785927,9266847596685,2016-06-08,0,F,SÃO PEDRO,0,0,0,0,0,0.0558,Low Risk,0,-0.2927,-0.0204,-1.3598,0.0014,-0.0057,-0.0194,-0.0084,-0.0071,0.0576,0.1172
5756389,3333381574629,2016-06-01,10,M,SÃO PEDRO,0,0,0,0,0,0.1983,Low Risk,0,0.4228,0.0801,-0.9872,-0.0141,-0.0059,-0.0209,-0.0091,-0.008,0.0527,0.2449
5756094,22538275699724,2016-06-01,30,F,SÃO PEDRO,0,0,1,0,0,0.1404,Low Risk,0,0.1362,-0.0259,-1.3083,0.1252,-0.0047,-0.0106,-0.0063,-0.0018,0.0462,0.3486
5761085,6162419123859,2016-06-02,2,M,DA PENHA,0,0,0,0,0,0.0435,Low Risk,0,-0.2957,0.0161,-1.5721,0.0003,-0.0062,-0.0209,-0.0093,-0.0087,0.0467,-0.025
5758722,619345614338286,2016-06-02,62,M,MARUÍPE,0,0,1,0,0,0.0645,Low Risk,0,-0.2708,0.0029,-1.2957,0.144,-0.0238,-0.0084,-0.0055,-0.0015,0.0466,0.0699
5758764,736119582422,2016-06-02,46,M,BONFIM,0,0,0,0,0,0.0574,Low Risk,0,-0.0882,0.0392,-1.3539,-0.0127,-0.0028,-0.008,-0.0032,-0.0042,0.0516,0.0212
5636102,7562784791349,2016-06-01,14,F,JABOUR,33,0,0,0,0,0.3876,Medium Risk,1,0.3493,-0.0093,0.6602,-0.0223,0.0086,-0.0205,-0.0076,-0.0017,0.1,-0.202
5760259,1138447388231,2016-06-01,33,F,ANTÔNIO HONÓRIO,0,0,0,0,0,0.061,Low Risk,0,-0.0316,-0.0221,-1.436,-0.0125,-0.0051,-0.0097,-0.0058,-0.0042,0.0462,0.0397
5636993,8337366119312,2016-06-01,9,M,SOLON BORGES,33,1,0,0,0,0.2366,Medium Risk,1,0.195,0.0098,0.545,-0.0229,0.0081,-0.0115,-0.0089,-0.003,-0.1736,-0.5888
5640010,626361359981,2016-06-01,2,M,MARIA ORTIZ,32,1,1,0,0,0.3953,Medium Risk,0,-0.0155,-0.0476,0.8772,0.0663,0.0065,-0.0148,-0.013,0.0001,-0.0259,0.0628
5673257,444639863192,2016-06-07,5,M,BONFIM,28,1,0,0,0,0.3271,Medium Risk,0,0.0885,-0.0096,0.7393,-0.015,0.0094,-0.0145,-0.0093,-0.0017,-0.1249,0.0061
5787917,6819253615818,2016-06-08,0,F,BONFIM,0,0,1,0,0,0.0566,Low Risk,0,-0.265,-0.001,-1.4127,-0.0305,-0.0054,-0.019,-0.011,-0.0051,0.0261,0.0594
5643740,136251763429114,2016-06-08,58,F,BONFIM,36,1,0,1,0,0.2422,Medium Risk,0,-0.2949,-0.0027,0.6583,-0.0237,0.0075,-0.0076,-0.0079,-0.0016,-0.1308,0.0597
5764738,1264219938445,2016-06-02,0,M,BONFIM,0,0,0,0,0,0.0574,Low Risk,0,-0.1603,0.0118,-1.3816,0.0046,-0.0062,-0.0203,-0.0094,-0.0075,0.0585,0.0125
5770017,137952392489989,2016-06-03,8,F,BONFIM,0,0,0,0,0,0.079,Low Risk,0,0.3052,-0.0437,-1.1947,-0.0126,-0.0055,-0.0188,-0.009,-0.0084,0.0521,0.0495
5782466,61743312847824,2016-06-08,45,F,TABUAZEIRO,0,0,0,0,0,0.0522,Low Risk,0,-0.1801,-0.0221,-1.3882,-0.0138,0.0061,-0.0044,-0.005,-0.0031,0.0555,-0.1745
5643137,2162668296463,2016-06-07,36,M,BONFIM,35,1,0,0,0,0.3463,Medium Risk,0,0.0832,0.0253,0.7186,-0.0235,0.0067,-0.0033,-0.0072,-0.0017,-0.1179,0.0336
5756657,74847868821141,2016-06-01,30,M,ITARARÉ,0,0,0,0,0,0.1027,Low Risk,0,0.081,0.0978,-1.4318,-0.0074,-0.005,-0.0101,-0.0009,0.0002,0.0458,0.2163
5768833,46742689782,2016-06-03,18,F,BONFIM,0,0,0,0,0,0.0842,Low Risk,0,0.3477,-0.0651,-1.2798,-0.012,-0.0055,-0.0189,-0.0073,-0.0052,0.0383,0.0346
5777839,4477919857977,2016-06-06,16,F,ESTRELINHA,0,0,0,0,0,0.1092,Low Risk,0,0.5056,-0.0681,-1.1979,-0.012,-0.0044,-0.0148,-0.0078,-0.0061,0.0487,0.0255
5706119,923392538935261,2016-06-06,50,F,BONFIM,19,1,1,0,0,0.2978,Medium Risk,0,-0.1919,-0.0086,0.6608,0.1775,-0.0034,-0.0058,-0.0105,0.0006,-0.1294,0.002
5710619,9594861579252,2016-06-07,40,F,BONFIM,20,0,0,0,0,0.3591,Medium Risk,1,0.046,-0.0136,0.6779,-0.0212,0.0081,-0.0067,-0.0107,-0.0019,0.102,0.0007
5756075,315237375144,2016-06-08,16,M,BONFIM,6,0,0,0,0,0.3194,Medium Risk,1,0.3623,0.0352,0.2335,-0.0199,0.0043,-0.0178,-0.0089,-0.0018,0.0714,-0.0303
5690683,2676895255224,2016-06-02,53,F,BONFIM,20,1,0,0,0,0.2361,Medium Risk,0,-0.2204,-0.0124,0.5659,-0.0206,-0.0032,-0.006,-0.0078,-0.0017,-0.1222,0.0016
5724988,369994668595863,2016-06-06,17,F,MATA DA PRAIA,16,1,0,0,0,0.2713,Medium Risk,1,0.4294,-0.0108,0.4928,-0.0184,0.0064,-0.013,-0.0042,0.0545,-0.1141,-0.1932
5788806,9435534446183,2016-06-08,43,F,JARDIM CAMBURI,0,0,0,0,0,0.0624,Low Risk,1,-0.0338,-0.0224,-1.3787,-0.0132,-0.0004,-0.0068,-0.0072,-0.0032,0.0505,0.0517
5771525,74247153831,2016-06-03,52,F,DA PENHA,0,0,0,0,1,0.0855,Low Risk,1,-0.1391,-0.0225,-1.2379,-0.0179,-0.0124,0.1909,-0.0067,-0.0039,0.0515,0.0991
5770478,2748488896324,2016-06-06,72,F,REDENÇÃO,2,0,0,1,0,0.1841,Low Risk,0,-0.4654,-0.002,0.1929,0.031,-0.0096,-0.0222,-0.011,-0.0053,0.0621,-0.003
5776148,3896633385969,2016-06-06,49,F,SANTOS REIS,0,0,1,0,0,0.0624,Low Risk,0,-0.1064,-0.0216,-1.4035,0.1158,0.0035,-0.0069,-0.0088,-0.0017,0.0587,0.0034
5777490,318587172146781,2016-06-06,76,F,SÃO PEDRO,0,0,0,1,0,0.0687,Low Risk,0,-0.4075,-0.0132,-1.1516,0.0184,0.0117,-0.0142,-0.0068,-0.0057,0.0455,0.3146
5766713,779855136767,2016-06-02,26,F,SANTOS REIS,0,0,0,0,0,0.0696,Low Risk,0,0.1452,-0.0249,-1.3903,-0.0123,-0.0044,-0.015,-0.0072,-0.0051,0.0532,0.0091
5753397,89655119197861,2016-06-07,39,M,PRAIA DO CANTO,6,1,0,0,0,0.2472,Medium Risk,0,0.0099,0.0199,0.4059,-0.0237,0.008,-0.0018,-0.0079,-0.0013,-0.077,-0.1835
5726366,4652597348732,2016-06-02,68,F,CENTRO,12,1,0,0,0,0.2255,Medium Risk,1,-0.4038,0.0046,0.5297,-0.0213,-0.0262,-0.0114,-0.0088,-0.0055,-0.1092,0.023
5770209,2783613867537,2016-06-06,58,F,NOVA PALESTINA,2,1,0,0,0,0.2152,Medium Risk,0,-0.3169,0.0023,0.2158,-0.0205,-0.0101,-0.0067,-0.0086,-0.0012,-0.0811,0.0121
5734514,89922635473392,2016-06-01,49,F,GRANDE VITÓRIA,7,1,0,1,1,0.2255,Medium Risk,0,-0.1495,-0.0097,0.3593,-0.0218,-0.0185,0.0697,-0.0099,-0.0016,-0.109,-0.0023
5490576,58386163711363,2016-06-02,12,F,CENTRO,75,1,0,0,0,0.3681,Medium Risk,1,0.3873,-0.0031,0.615,-0.021,-0.0027,-0.0146,-0.0168,-0.0034,-0.1897,0.0492
5770053,431287728363855,2016-06-03,31,F,FONTE GRANDE,0,0,0,0,0,0.0574,Low Risk,0,-0.0099,-0.0297,-1.451,-0.0132,-0.0051,-0.0104,-0.0057,-0.0043,0.0446,-0.0048
5769237,53538156363579,2016-06-03,21,F,FONTE GRANDE,0,0,0,0,0,0.0645,Low Risk,0,0.1963,-0.0542,-1.3938,-0.0128,-0.0055,-0.0195,-0.0075,-0.0055,0.0409,-0.0386
5788450,1383666892292,2016-06-08,40,F,TABUAZEIRO,0,0,0,0,0,0.0522,Low Risk,0,-0.1127,-0.0221,-1.4019,-0.014,0.009,-0.0045,-0.0064,-0.003,0.0487,-0.1896
5786152,9715135545613,2016-06-08,12,F,ROMÃO,0,0,0,0,0,0.1062,Low Risk,1,0.5203,-0.0541,-1.1996,-0.012,-0.0055,-0.0188,-0.017,-0.0098,0.0522,0.0661
5786154,459778614633,2016-06-08,5,M,SÃO PEDRO,0,0,1,0,0,0.0679,Low Risk,0,-0.13,0.0231,-1.3424,0.1246,-0.0058,-0.0212,-0.0104,-0.0054,0.053,0.2717
5760936,866121327363158,2016-06-01,8,F,RESISTÊNCIA,0,0,0,0,0,0.0746,Low Risk,0,0.2932,-0.0571,-1.28,-0.0133,-0.0055,-0.0195,-0.0089,-0.0097,0.0492,-0.1262
5723924,561485271372488,2016-06-08,68,M,PRAIA DO CANTO,18,0,0,0,1,0.2906,Medium Risk,1,-0.3502,-0.0082,0.6939,-0.0199,-0.0349,0.1885,-0.0037,-0.0026,0.1214,-0.13
5723245,686996292887145,2016-06-08,30,F,SANTA LUÍZA,18,1,0,0,0,0.3012,Medium Risk,1,0.171,-0.0099,0.638,-0.0203,0.0017,-0.0072,-0.0037,-0.0015,-0.1035,-0.1819
5722188,41881944263144,2016-06-06,66,F,SANTA LÚCIA,16,0,0,1,0,0.2591,Medium Risk,0,-0.3973,-0.0015,0.638,-0.0203,-0.0042,-0.0158,-0.0093,-0.0053,0.1085,-0.0204
5728250,3622644886893,2016-06-02,53,M,CONSOLAÇÃO,12,0,0,0,0,0.2618,Medium Risk,0,-0.1868,0.0206,0.5984,-0.0248,0.0004,-0.0061,-0.0067,-0.0016,0.1103,-0.1459
5775943,359528425965,2016-06-06,58,M,GURIGICA,0,0,0,0,0,0.0508,Low Risk,0,-0.3735,-0.005,-1.4414,-0.0169,-0.0209,-0.0049,0.1131,-0.0032,0.0522,0.0466
5755219,57456173446164,2016-06-03,46,F,CONSOLAÇÃO,1,0,0,1,0,0.2255,Medium Risk,0,-0.0969,-0.0105,0.1847,-0.0254,-0.0289,-0.0043,-0.0082,-0.0015,0.0647,-0.1982
5762537,279618429656526,2016-06-02,30,F,SÃO BENEDITO,0,0,0,0,0,0.0696,Low Risk,0,0.0971,-0.0241,-1.4022,-0.0125,-0.0051,-0.0097,-0.0056,-0.0056,0.0462,0.0049
5787675,1788291267433,2016-06-08,48,F,JARDIM DA PENHA,0,0,0,0,0,0.0378,Low Risk,0,-0.0682,-0.0287,-1.4502,-0.0142,0.0037,-0.0034,-0.005,-0.0034,0.0541,-0.4087
5787828,88287296457744,2016-06-08,71,F,JARDIM DA PENHA,0,0,0,1,1,0.0471,Low Risk,0,-0.1936,-0.0168,-1.4519,-0.0137,-0.0302,0.1285,-0.0019,-0.0047,0.0558,-0.4781
5790081,6547248252217,2016-06-08,74,F,SÃO PEDRO,0,0,0,1,1,0.1196,Low Risk,0,-0.4411,0.0579,-1.1979,-0.0075,0.0077,0.1308,0.2007,-0.0023,0.0558,0.3444
5773414,82799595198,2016-06-06,68,M,BELA VISTA,0,0,0,0,1,0.0624,Low Risk,0,-0.4506,0.0031,-1.2416,-0.0132,-0.026,0.1377,-0.0025,-0.0038,0.0532,0.0155
5777744,522832172737824,2016-06-06,20,F,SANTA LUÍZA,0,0,0,0,0,0.0921,Low Risk,0,0.3891,-0.0642,-1.2232,-0.015,-0.0037,-0.0242,-0.0042,-0.0042,0.0453,0.0178
5773614,977223972417217,2016-06-06,52,F,PRAIA DO CANTO,0,0,0,0,0,0.0531,Low Risk,0,-0.1836,-0.0238,-1.2633,-0.0137,0.0069,-0.0037,-0.005,-0.0031,0.0545,-0.1517
5756478,772548851193574,2016-06-01,79,F,SANTA LÚCIA,0,0,0,1,0,0.0707,Low Risk,0,-0.2402,-0.0111,-1.2432,0.0275,-0.0056,-0.016,0.0041,-0.0065,0.0535,0.0425
5768997,277922294692857,2016-06-03,62,F,ITARARÉ,0,0,0,0,0,0.0586,Low Risk,0,-0.1753,-0.0313,-1.3378,-0.0086,-0.0199,-0.007,-0.0039,0.0019,0.0443,0.2085
5781659,58285554475773,2016-06-07,27,F,TABUAZEIRO,0,0,1,0,0,0.0645,Low Risk,0,0.1017,0.0214,-1.5553,0.1495,-0.0047,-0.0138,0.194,-0.0042,0.0512,-0.2203
5759848,936114837784948,2016-06-01,34,F,SÃO CRISTÓVÃO,0,0,0,0,0,0.0574,Low Risk,0,-0.048,-0.0224,-1.4094,-0.0132,-0.004,-0.006,-0.0054,-0.0037,0.0467,0.0221
5750377,697982438772363,2016-06-08,32,F,TABUAZEIRO,7,1,0,1,0,0.2484,Medium Risk,0,0.0798,-0.0079,0.4581,-0.0211,-0.0609,-0.0005,-0.0053,-0.0013,-0.0813,-0.1955
5748758,818937573162,2016-06-02,56,M,TABUAZEIRO,1,0,0,0,0,0.2032,Medium Risk,1,-0.2493,0.0214,0.1907,-0.0218,-0.0063,-0.007,-0.0065,-0.0017,0.069,-0.1653
5709430,429367752341583,2016-06-06,45,F,SANTA CECÍLIA,19,1,0,0,0,0.3762,Medium Risk,1,-0.1403,-0.0173,0.7485,-0.0092,0.0056,-0.0075,-0.0047,0.0012,-0.1185,0.3058
5710825,11963121429169,2016-06-02,19,F,MARUÍPE,15,1,0,0,0,0.3578,Medium Risk,0,0.3432,-0.0197,0.5977,-0.0197,0.0046,-0.0087,-0.0083,-0.0016,-0.0708,-0.0
5725734,34439535738613,2016-06-06,7,M,PRAIA DO CANTO,16,0,0,0,0,0.2511,Medium Risk,0,0.0891,0.0004,0.5657,-0.0191,0.0054,-0.0086,-0.0103,-0.0013,0.1099,-0.1982
5623831,182887961486,2016-06-02,14,M,CARATOÍRA,36,0,0,0,0,0.45,High Risk,1,0.4477,0.0478,0.6546,-0.0139,0.0026,-0.0171,-0.0074,-0.0015,0.117,0.2746
5623757,63976274581,2016-06-01,48,F,CARATOÍRA,35,0,0,0,0,0.3575,Medium Risk,0,-0.1182,-0.0281,0.7437,-0.0213,-0.0046,-0.0065,-0.0066,-0.0015,0.1319,0.1606
5698637,27256734677644,2016-06-08,70,M,SANTO ANTÔNIO,22,0,0,1,1,0.2823,Medium Risk,0,-0.3576,0.0012,0.6525,-0.0234,-0.0038,0.1567,-0.0034,-0.0035,0.1224,-0.1335
5692670,3653481878737,2016-06-02,53,F,UNIVERSITÁRIO,20,1,0,0,0,0.2562,Medium Risk,0,-0.2192,-0.0187,0.5422,-0.0243,-0.0032,-0.0061,-0.0074,-0.0017,-0.1121,-0.0012
5689862,11394499568939,2016-06-02,34,F,GRANDE VITÓRIA,20,1,0,0,0,0.3255,Medium Risk,0,0.0788,-0.017,0.5433,-0.0202,0.0074,-0.0033,-0.0077,-0.0018,-0.1088,-0.0865
5749953,57396618393252,2016-06-07,17,F,CRUZAMENTO,6,0,0,0,0,0.3271,Medium Risk,1,0.4047,-0.0211,0.2709,-0.0255,0.0052,-0.0163,-0.0112,-0.0018,0.0644,0.0126
5774388,77227428527287,2016-06-06,17,F,MARIA ORTIZ,0,0,0,0,0,0.0766,Low Risk,0,0.554,-0.0701,-1.2826,-0.0166,-0.0055,-0.0195,-0.0075,-0.0062,0.0517,-0.044
5773000,25545374348459,2016-06-06,37,F,MARIA ORTIZ,2,0,0,0,0,0.2675,Medium Risk,0,0.052,-0.0128,0.2221,-0.0289,0.0054,-0.0089,-0.0118,-0.0018,0.0566,0.0328
5775113,4364792826778,2016-06-06,1,F,MARIA ORTIZ,0,0,0,0,0,0.0393,Low Risk,0,-0.2446,-0.0082,-1.6419,-0.0013,-0.0057,-0.0194,-0.0084,-0.0079,0.0452,-0.113
5769994,24755945987,2016-06-03,28,F,MARIA ORTIZ,0,0,0,0,0,0.0574,Low Risk,0,0.147,-0.0269,-1.437,-0.0171,-0.0055,-0.0197,-0.0072,-0.0051,0.0437,0.0058
5658972,437499615181257,2016-06-07,40,F,ANDORINHAS,33,1,0,0,0,0.3723,Medium Risk,0,0.092,-0.0173,0.7372,-0.027,0.0081,-0.0042,-0.0093,-0.0017,-0.0904,0.0715
5758644,78578256645711,2016-06-01,32,F,ILHA DE SANTA MARIA,0,0,0,0,0,0.0574,Low Risk,0,-0.0362,-0.0224,-1.4343,-0.0125,-0.0051,-0.0097,-0.0054,-0.0037,0.051,0.0103
5774412,814991383675329,2016-06-06,0,F,JOANA D´ARC,0,0,0,0,0,0.0708,Low Risk,0,0.0242,-0.0039,-1.3191,0.0031,-0.004,-0.0234,-0.0058,-0.0028,0.0622,0.0982
5762490,142241743544953,2016-06-06,3,F,SANTA MARTHA,3,1,0,0,0,0.236,Medium Risk,1,0.1049,0.0144,0.3592,-0.0196,0.0066,-0.0129,-0.0076,-0.0013,-0.035,-0.1398
5780075,7154474941983,2016-06-07,11,F,SANTA MARTHA,0,0,0,0,0,0.0486,Low Risk,0,0.2605,-0.0567,-1.4046,-0.0139,-0.005,-0.0126,-0.006,-0.0031,0.0661,-0.5316
5780139,148242194986445,2016-06-07,7,M,JOANA D´ARC,0,0,0,0,0,0.0983,Low Risk,0,0.2886,0.04,-1.1069,-0.0127,-0.0042,-0.0238,-0.0074,-0.0038,0.0581,-0.0478
5762259,81693789546781,2016-06-02,26,F,SÃO CRISTÓVÃO,0,0,0,0,0,0.0696,Low Risk,0,0.1452,-0.0249,-1.3884,-0.0123,-0.0044,-0.015,-0.0072,-0.0051,0.0475,0.0129
5749886,243464199625,2016-06-06,78,F,SÃO CRISTÓVÃO,5,0,0,1,1,0.2538,Medium Risk,0,-0.2817,-0.0025,0.2931,0.0077,-0.0094,0.141,0.005,-0.003,0.0972,-0.0482
5774952,28877198776622,2016-06-06,51,M,SÃO CRISTÓVÃO,0,0,0,0,0,0.0624,Low Risk,0,-0.1594,0.0393,-1.2599,-0.0125,0.0002,-0.0068,-0.0032,-0.0038,0.051,-0.0195
5689388,165725699486386,2016-06-06,25,F,TABUAZEIRO,24,1,0,0,0,0.3614,Medium Risk,0,0.34,-0.012,0.8594,-0.0159,0.0094,-0.0199,-0.005,-0.0013,-0.1022,-0.1853
5726054,672441334165549,2016-06-03,2,F,TABUAZEIRO,13,0,0,0,0,0.3526,Medium Risk,1,0.12,0.0144,0.6947,0.0,0.0059,-0.0142,-0.0082,-0.0012,0.0979,-0.2134
5609693,624194986436437,2016-06-02,31,F,SÃO CRISTÓVÃO,42,1,1,0,0,0.36,Medium Risk,0,0.1579,-0.0096,0.7547,0.199,0.0082,-0.0027,-0.0086,0.0008,-0.1564,-0.009
5608454,3278786811733,2016-06-01,13,F,SÃO CRISTÓVÃO,41,1,0,0,0,0.3845,Medium Risk,0,0.3594,-0.014,0.6549,-0.0205,0.0074,-0.0106,-0.0091,-0.0018,-0.128,0.0038
5611378,85235783616,2016-06-07,57,F,SÃO CRISTÓVÃO,42,1,0,0,0,0.2214,Medium Risk,0,-0.3541,-0.0028,0.5994,-0.0243,-0.0183,-0.0062,-0.0083,-0.0012,-0.1297,-0.0038
5648648,68922442262998,2016-06-07,21,F,SÃO CRISTÓVÃO,35,1,0,0,0,0.381,Medium Risk,1,0.3155,-0.0166,0.6705,-0.0206,0.0078,-0.0099,-0.0084,-0.0014,-0.0864,-0.0191
5756911,72428618588781,2016-06-07,33,F,SÃO CRISTÓVÃO,5,1,0,0,0,0.2652,Medium Risk,0,0.1378,-0.0096,0.3584,-0.0206,0.0066,-0.0033,-0.0089,-0.0013,-0.0738,-0.0317
5762222,3171184458776,2016-06-02,42,M,SÃO CRISTÓVÃO,0,0,0,0,0,0.0624,Low Risk,0,-0.0477,0.0392,-1.3765,-0.0129,-0.0014,-0.0068,-0.0032,-0.0038,0.0482,-0.0005
5609343,85464428181141,2016-06-02,22,F,SÃO CRISTÓVÃO,42,1,0,0,0,0.3627,Medium Risk,0,0.3486,-0.0155,0.6662,-0.0208,0.0074,-0.0112,-0.0084,-0.0014,-0.0997,-0.0168
5786734,64159827768698,2016-06-08,21,M,TABUAZEIRO,0,0,0,0,0,0.0708,Low Risk,0,0.3115,0.0759,-1.3076,-0.0123,-0.0055,-0.0221,-0.0029,-0.0042,0.0539,-0.1317
5782156,1534532217596,2016-06-07,88,M,GURIGICA,0,0,0,1,0,0.042,Low Risk,0,-0.9065,0.0681,-1.2466,0.0249,0.0227,-0.0367,0.0027,-0.0132,0.0001,0.053
5757690,85537721335599,2016-06-01,21,M,GURIGICA,0,0,0,0,0,0.1037,Low Risk,0,0.2694,0.1241,-1.373,-0.0135,-0.0077,-0.021,-0.0041,-0.0047,0.0506,0.0746
5758821,36598193596453,2016-06-01,48,F,SÃO BENEDITO,0,0,1,1,0,0.0661,Low Risk,0,-0.1078,-0.0212,-1.4275,0.1141,-0.0009,-0.0091,-0.0092,-0.002,0.0525,-0.0165
5715982,6132865277231,2016-06-01,11,M,ANDORINHAS,13,1,0,0,0,0.2842,Medium Risk,0,-0.0169,0.0075,0.4945,-0.0212,0.0039,-0.0104,-0.0104,-0.0025,-0.1185,0.0134
5752748,677982336694445,2016-06-08,46,F,ANDORINHAS,7,0,0,0,0,0.3091,Medium Risk,0,-0.0297,-0.0128,0.4294,-0.0281,0.0008,-0.0066,-0.0108,-0.0019,0.0787,0.0211
5789421,84949123328717,2016-06-08,62,F,SÃO BENEDITO,0,0,1,1,0,0.0591,Low Risk,0,-0.2133,-0.0083,-1.3605,0.1166,0.0106,-0.0091,-0.0093,-0.0017,0.0496,-0.0042
5743244,37279316967494,2016-06-03,13,F,GURIGICA,3,1,1,0,0,0.3876,Medium Risk,1,0.3427,-0.0095,0.268,0.1815,0.0014,-0.0166,-0.0141,0.0003,-0.0632,0.1226
5758252,1934811689542,2016-06-07,64,F,DA PENHA,5,1,0,0,0,0.1933,Low Risk,0,-0.4485,0.0045,0.2781,-0.0246,-0.0191,-0.0114,-0.0104,-0.0055,-0.0869,0.0164
5764961,68392373238548,2016-06-07,0,F,DA PENHA,4,0,0,0,0,0.2759,Medium Risk,0,-0.0286,-0.0039,0.387,-0.005,0.0051,-0.016,-0.0126,-0.003,0.1033,-0.0388
5758301,29517731666,2016-06-06,54,M,REDENÇÃO,4,1,0,0,0,0.2024,Medium Risk,0,-0.2076,0.0216,0.3185,-0.0205,0.001,-0.0049,-0.0074,-0.0012,-0.0783,-0.0138
5771541,1636787228426,2016-06-06,13,F,SANTO ANDRÉ,2,0,0,0,0,0.3099,Medium Risk,0,0.3381,-0.0097,0.1401,-0.0234,0.005,-0.0205,-0.0108,-0.003,0.0546,0.0134
5750285,1598855247741,2016-06-08,2,F,NOVA PALESTINA,7,1,0,0,0,0.2904,Medium Risk,0,0.0881,0.0136,0.4392,-0.0138,0.0065,-0.02,-0.0084,-0.0012,-0.0885,0.0031
5663158,53328432942,2016-06-07,39,F,NOVA PALESTINA,32,1,1,0,0,0.4725,High Risk,1,0.1448,0.0171,0.754,0.2407,0.0099,0.0052,0.2866,0.0019,-0.126,0.024
5775078,457261753624666,2016-06-08,18,F,NOVA PALESTINA,1,0,0,0,0,0.3091,Medium Risk,0,0.3225,-0.0247,0.1738,-0.021,0.0064,-0.023,-0.0079,-0.0013,0.0458,0.0495
5786891,754227751468775,2016-06-08,26,F,DA PENHA,0,0,0,0,0,0.0886,Low Risk,0,0.1736,-0.0265,-1.4022,-0.0169,-0.0055,-0.0197,-0.0076,-0.0056,0.0454,0.098
5755671,85957312777114,2016-06-01,65,M,DA PENHA,0,0,0,0,0,0.0531,Low Risk,0,-0.417,0.0056,-1.2385,-0.0175,-0.0243,-0.0112,-0.0035,-0.0076,0.0436,0.0682
5767080,89646433355894,2016-06-02,77,M,DA PENHA,0,0,0,1,0,0.0675,Low Risk,0,-0.5152,0.0194,-1.2045,0.0319,0.0185,-0.0087,0.0014,0.1832,0.0462,0.1067
5775786,61236175369466,2016-06-08,30,F,DA PENHA,1,0,0,0,0,0.2759,Medium Risk,0,0.1944,-0.0145,0.1772,-0.026,0.0054,-0.009,-0.0079,-0.0026,0.0522,0.0629
5789549,9251878146849,2016-06-08,15,M,DA PENHA,0,0,0,0,0,0.3353,Medium Risk,0,0.6748,0.0912,-0.9911,0.0077,-0.0059,-0.0209,-0.0079,0.9913,0.0769,0.3016
5744138,87931943367855,2016-06-02,34,M,JARDIM DA PENHA,2,1,0,0,0,0.2063,Medium Risk,0,0.0505,0.0256,0.2678,-0.024,0.0066,-0.0034,-0.0038,-0.0013,-0.113,-0.3063
5720857,83169337443415,2016-06-02,55,F,JARDIM DA PENHA,13,1,0,0,0,0.1963,Low Risk,0,-0.2696,-0.0123,0.6423,-0.0235,0.002,-0.0035,-0.0062,-0.0014,-0.1188,-0.3272
5733940,39917322425313,2016-06-02,21,F,JARDIM DA PENHA,8,1,0,0,0,0.3035,Medium Risk,0,0.334,-0.0192,0.5307,-0.0209,0.0065,-0.0123,-0.0062,-0.0014,-0.0641,-0.2645
5714354,71835318256532,2016-06-01,31,F,JARDIM DA PENHA,13,1,0,0,0,0.2968,Medium Risk,0,0.1261,-0.0124,0.6891,-0.0203,0.0068,-0.002,-0.0043,-0.0013,-0.0971,-0.303
5785714,435917753569,2016-06-08,4,F,CONQUISTA,0,0,0,0,0,0.0717,Low Risk,0,0.0452,-0.0078,-1.4322,-0.0062,-0.0042,-0.0147,-0.0089,-0.0074,0.0584,0.0876
5783341,85299885455975,2016-06-08,11,F,SÃO CRISTÓVÃO,0,0,0,0,0,0.0801,Low Risk,0,0.3157,-0.0512,-1.153,-0.0126,-0.0044,-0.0148,-0.0089,-0.0079,0.0528,0.0508
5663127,4249925135623,2016-06-01,65,F,MARIA ORTIZ,26,1,0,1,0,0.2366,Medium Risk,0,-0.4496,-0.0022,0.6114,-0.022,-0.0032,-0.0131,-0.0073,-0.0053,-0.1032,0.048
5673938,97588962565491,2016-06-01,67,M,ANTÔNIO HONÓRIO,22,1,0,0,0,0.2317,Medium Risk,0,-0.4541,-0.0085,0.6393,-0.017,-0.0339,-0.0125,-0.0051,-0.0056,-0.1108,-0.0006
5672906,1327392999963,2016-06-08,70,F,ANTÔNIO HONÓRIO,29,1,0,0,0,0.206,Medium Risk,0,-0.52,0.0043,0.5085,-0.0186,-0.0261,-0.0123,-0.0077,-0.0079,-0.0686,0.0134
5789023,4477483351857,2016-06-08,65,F,JABOUR,0,0,0,0,0,0.0524,Low Risk,0,-0.3206,0.0003,-1.2742,-0.0151,-0.0068,-0.0123,-0.0047,-0.0065,0.053,-0.1477
5770554,8224447148864,2016-06-03,32,F,SANTA MARTHA,0,0,0,0,0,0.0411,Low Risk,0,-0.0397,-0.0272,-1.6649,-0.0139,-0.0046,-0.0034,-0.0028,-0.0034,0.0803,-0.5189
5760717,258481792234649,2016-06-01,50,F,JABOUR,0,0,1,0,0,0.0574,Low Risk,0,-0.138,-0.0164,-1.3868,0.1326,0.0041,-0.0065,-0.0065,-0.0012,0.0576,-0.1758
5766410,4193883445167,2016-06-02,78,M,JABOUR,0,0,0,1,0,0.0508,Low Risk,0,-0.3877,0.0065,-1.2668,0.0252,-0.0015,-0.0178,0.0072,-0.0064,0.0537,-0.3069
5766498,168662735478,2016-06-02,58,M,JABOUR,0,0,0,0,0,0.0472,Low Risk,0,-0.3165,-0.0057,-1.3212,-0.0149,-0.0128,-0.0077,-0.003,-0.0029,0.0519,-0.2051
5763927,34561512955925,2016-06-02,53,F,ENSEADA DO SUÁ,0,0,0,0,0,0.061,Low Risk,0,-0.1724,-0.0757,-1.3674,-0.0086,-0.0096,-0.0089,-0.0062,-0.0037,0.0471,0.0136
5771486,14793191426755,2016-06-03,10,M,REPÚBLICA,0,0,0,0,0,0.12,Low Risk,0,0.4602,0.07,-1.0231,-0.0124,-0.0042,-0.0238,-0.0073,-0.0038,0.0598,-0.0645
5748174,893275971191876,2016-06-01,24,F,SANTA TEREZA,1,0,1,0,0,0.3217,Medium Risk,0,0.2923,-0.0147,0.2045,0.1664,0.0053,-0.0186,-0.0146,-0.0,0.0581,-0.0303
5756573,711623263849,2016-06-08,6,F,SÃO CRISTÓVÃO,6,1,0,0,0,0.2214,Medium Risk,0,-0.0453,0.022,0.2827,-0.0198,0.0061,-0.0107,-0.0115,-0.0014,-0.0911,-0.0617
5767214,85458717336721,2016-06-02,35,M,RESISTÊNCIA,0,0,0,0,0,0.0574,Low Risk,0,-0.034,0.0505,-1.4603,-0.0135,-0.0055,-0.0078,-0.0019,-0.0043,0.0464,-0.1066
5764613,6516494647499,2016-06-02,26,F,SANTA MARTHA,0,0,0,0,0,0.0435,Low Risk,0,0.1698,-0.0294,-1.6232,-0.0138,-0.005,-0.0128,-0.0043,-0.0037,0.0976,-0.4896
5659862,454648144379,2016-06-02,18,F,SANTA MARTHA,28,1,0,0,0,0.3651,Medium Risk,0,0.3461,-0.0166,0.6778,-0.0186,0.0121,-0.0112,-0.005,-0.0011,-0.045,-0.1833
5649844,33566728287,2016-06-01,58,F,DO CABRAL,28,1,0,1,0,0.1706,Low Risk,0,-0.2988,-0.0042,0.4943,-0.0211,-0.0255,-0.0064,-0.0061,-0.0012,-0.1127,-0.3541
5755632,67534192728,2016-06-08,63,F,CARATOÍRA,6,1,1,0,0,0.2178,Medium Risk,0,-0.4415,-0.0033,0.3802,0.1014,-0.0139,-0.0117,-0.0095,-0.005,-0.0857,0.0834
5746822,9275126193184,2016-06-03,26,F,SÃO CRISTÓVÃO,3,1,1,0,0,0.3259,Medium Risk,0,0.2766,-0.0102,0.3059,0.1681,0.0065,-0.0137,-0.0147,0.0006,-0.0397,-0.026
5756011,45812185365717,2016-06-01,32,F,CONSOLAÇÃO,0,0,1,0,0,0.0574,Low Risk,0,-0.1108,-0.0208,-1.5622,0.125,-0.003,-0.0104,-0.005,-0.0011,0.0523,-0.2247
5737787,99328335394386,2016-06-01,8,M,TABUAZEIRO,6,1,0,0,0,0.2255,Medium Risk,0,0.046,-0.0072,0.2353,-0.0199,0.0062,-0.0188,-0.0107,-0.0012,-0.1018,-0.1415
5787343,25365595978874,2016-06-08,66,M,CONSOLAÇÃO,0,0,0,0,0,0.0494,Low Risk,0,-0.3735,0.0027,-1.2667,-0.0148,-0.0141,-0.0125,-0.0028,-0.0065,0.0495,-0.1329
5695153,38214688159924,2016-06-06,48,F,SANTA MARTHA,23,1,0,0,0,0.2909,Medium Risk,0,-0.0492,-0.0139,0.9644,-0.0226,-0.0015,-0.0023,-0.0044,-0.0005,-0.1155,-0.1209
5628576,6913468238698,2016-06-02,45,M,GRANDE VITÓRIA,35,1,0,0,0,0.3255,Medium Risk,0,-0.0536,0.0251,0.7185,-0.0233,0.0086,-0.004,-0.0075,-0.0018,-0.1451,0.0376
5783649,92157421165255,2016-06-07,27,F,SANTA TEREZA,0,0,0,0,0,0.0711,Low Risk,0,0.122,-0.0249,-1.3822,-0.0125,-0.0055,-0.0191,-0.0072,-0.0051,0.0451,0.0129
5592056,818759218754342,2016-06-07,66,F,SANTA MARTHA,49,1,0,0,0,0.0527,Low Risk,0,-0.5471,0.0083,0.3553,-0.0322,-0.0146,-0.0032,0.1554,-0.0053,-0.1134,-0.4509
5750314,483646211363,2016-06-01,83,F,SANTA MARTHA,0,0,0,1,1,0.0317,Low Risk,0,-0.0398,-0.017,-1.5568,0.0023,-0.0297,0.1859,0.0098,-0.0168,0.0767,-0.5354
5773465,898696927168954,2016-06-06,20,F,SANTA MARTHA,0,0,0,0,0,0.0524,Low Risk,0,0.3866,-0.0698,-1.5094,-0.0135,-0.005,-0.0126,-0.0044,-0.0034,0.093,-0.4765
5748958,73725869426251,2016-06-02,56,M,MARIA ORTIZ,1,0,0,0,0,0.206,Medium Risk,0,-0.2678,0.0234,0.1761,-0.025,-0.0164,-0.0103,-0.0076,-0.0019,0.0555,0.0059
5778625,129235463479768,2016-06-06,64,F,JARDIM CAMBURI,0,0,0,0,0,0.0574,Low Risk,0,-0.3452,-0.0041,-1.2243,-0.0132,-0.0102,-0.0107,-0.0069,-0.0065,0.0511,0.0633
5625078,298117775213739,2016-06-06,47,M,JARDIM CAMBURI,40,1,0,0,0,0.3386,Medium Risk,0,-0.112,0.0421,0.7488,-0.0215,0.0023,-0.0038,-0.0059,-0.0012,-0.1454,0.024
5784533,99325379968526,2016-06-07,37,F,JARDIM CAMBURI,0,0,0,0,0,0.0574,Low Risk,0,-0.0779,-0.0224,-1.3908,-0.0132,-0.0036,-0.0061,-0.0085,-0.0031,0.049,0.0547
5624913,3957731934896,2016-06-03,16,M,JARDIM CAMBURI,37,1,0,0,0,0.398,Medium Risk,0,0.356,0.0316,0.5784,-0.0194,0.0076,-0.0197,-0.0071,-0.0012,-0.1305,0.0049
5535840,66536125771217,2016-06-02,78,F,JARDIM CAMBURI,61,1,0,1,1,0.3159,Medium Risk,0,-0.3391,-0.0044,0.4251,0.0052,0.0071,0.155,0.0035,-0.0058,-0.1692,0.0795
5536301,616654181896917,2016-06-03,76,F,JARDIM CAMBURI,62,1,0,0,0,0.1655,Low Risk,1,-0.4654,0.001,0.4323,0.0282,-0.0252,-0.0178,-0.008,-0.0049,-0.1475,0.1075
5721735,5519319181496,2016-06-06,16,M,JARDIM CAMBURI,17,1,0,0,0,0.345,Medium Risk,0,0.3694,0.028,0.5236,-0.0151,0.0052,-0.0158,-0.006,-0.0013,-0.1094,-0.0275
5724995,95241216461431,2016-06-07,1,M,JARDIM CAMBURI,17,1,0,0,0,0.3376,Medium Risk,0,0.124,-0.0033,0.6739,0.0044,0.0051,-0.0157,-0.0102,-0.0013,-0.1145,0.0109
5774669,755793179548,2016-06-06,61,M,JARDIM CAMBURI,0,0,0,0,0,0.0574,Low Risk,0,-0.3189,0.0034,-1.2115,-0.0128,-0.018,-0.0078,-0.0035,-0.003,0.0489,0.0242
5713297,71293222753615,2016-06-06,5,F,JARDIM CAMBURI,18,1,1,0,0,0.3499,Medium Risk,1,0.0454,0.0141,0.6667,0.1377,0.0011,-0.0234,-0.0131,0.0007,-0.1296,0.007
5730527,99871477366383,2016-06-07,13,F,JARDIM CAMBURI,13,1,0,0,0,0.3376,Medium Risk,1,0.3304,0.0033,0.4934,-0.0182,0.0059,-0.0152,-0.0089,-0.0018,-0.1026,-0.0043
5690121,776512479619769,2016-06-02,4,M,JARDIM CAMBURI,20,1,0,0,0,0.3414,Medium Risk,0,0.1832,-0.0022,0.6677,-0.011,0.0076,-0.0186,-0.0086,-0.001,-0.1276,0.0385
5536558,311285829274173,2016-06-01,48,F,JARDIM CAMBURI,60,0,0,0,0,0.306,Medium Risk,0,-0.1587,-0.0128,0.806,-0.0282,-0.0136,-0.0073,-0.0094,-0.002,0.1614,0.0743
5541581,83169273178667,2016-06-06,40,M,JARDIM CAMBURI,61,1,0,0,0,0.2082,Medium Risk,0,0.0159,0.0255,0.4289,-0.0235,0.0057,-0.0061,-0.0047,-0.0018,-0.1364,0.046
5537132,455197972545389,2016-06-01,62,M,JARDIM CAMBURI,60,1,0,0,0,0.2121,Medium Risk,1,-0.4587,-0.0063,0.6037,-0.0226,-0.0394,-0.0114,-0.003,-0.002,-0.1547,0.0347
5543605,89318331646773,2016-06-02,68,F,JARDIM CAMBURI,57,1,0,0,0,0.1789,Low Risk,1,-0.4938,0.0029,0.4688,-0.0238,-0.0237,-0.0145,-0.0074,-0.0055,-0.1446,0.0709
5783555,165985753138,2016-06-07,31,F,JARDIM CAMBURI,0,0,0,0,0,0.0574,Low Risk,0,-0.0329,-0.0224,-1.4241,-0.0125,-0.0036,-0.0085,-0.0053,-0.0031,0.0501,0.0599
5789143,6235246721146,2016-06-08,33,F,MARIA ORTIZ,0,0,0,0,0,0.0531,Low Risk,0,0.001,-0.0244,-1.4951,-0.0171,-0.0051,-0.0104,-0.0054,-0.0038,0.0437,0.0
5588737,74357353651695,2016-06-06,33,M,JARDIM CAMBURI,51,1,0,0,0,0.3609,Medium Risk,1,0.1713,0.0255,0.6565,-0.0204,0.0076,-0.005,-0.0016,-0.0018,-0.1247,0.0393
5593967,291975929763,2016-06-08,58,M,JARDIM CAMBURI,50,0,0,1,1,0.3469,Medium Risk,0,-0.3382,0.0061,0.751,-0.0268,0.0051,0.1418,-0.0053,-0.002,0.1541,0.0331
5785094,183431771926936,2016-06-08,54,M,JARDIM CAMBURI,0,0,0,0,0,0.0624,Low Risk,0,-0.1838,0.0393,-1.2484,-0.0133,0.0006,-0.007,-0.0032,-0.0033,0.0538,0.0302
5576857,453851573853,2016-06-01,89,F,JARDIM CAMBURI,48,1,0,0,0,0.1888,Low Risk,0,-0.6274,0.0045,0.3521,0.029,-0.0207,-0.0128,0.0019,-0.0121,-0.0959,0.0023
5764470,7547645624976,2016-06-06,9,M,JARDIM CAMBURI,3,1,0,0,0,0.24,Medium Risk,0,0.1516,0.0064,0.126,-0.0224,0.0059,-0.023,-0.0114,-0.0032,-0.0735,0.0187
5767393,696912457138385,2016-06-07,46,F,JARDIM CAMBURI,4,1,0,0,0,0.2361,Medium Risk,0,-0.0404,-0.0096,0.3496,-0.0217,0.0027,-0.0048,-0.0108,-0.0012,-0.0839,0.0193
5772826,856366515683691,2016-06-07,58,F,JARDIM CAMBURI,3,1,0,0,0,0.206,Medium Risk,1,-0.3053,0.0027,0.2774,-0.0204,-0.0099,-0.0065,-0.0106,-0.0012,-0.0556,0.0094
5771286,63791599117,2016-06-08,34,F,JARDIM CAMBURI,4,1,0,0,0,0.2761,Medium Risk,0,0.0706,-0.0096,0.3599,-0.0231,0.007,-0.004,-0.0091,-0.0012,-0.0701,0.0155
5772127,6836121534615,2016-06-08,40,F,JARDIM CAMBURI,4,1,0,0,0,0.2484,Medium Risk,0,0.0409,-0.0096,0.359,-0.0231,0.0078,-0.005,-0.0121,-0.0012,-0.0662,0.0103
5772424,1918674985556,2016-06-08,63,F,JARDIM CAMBURI,4,1,0,1,1,0.1994,Low Risk,0,-0.375,0.0003,0.3053,-0.0194,-0.0119,0.1172,-0.0088,-0.0022,-0.1008,0.0008
5463263,12517586667386,2016-06-06,81,M,ITARARÉ,83,0,0,1,0,0.3358,Medium Risk,0,-0.3849,-0.0077,0.5771,0.0247,0.0691,-0.0343,-0.0002,-0.0066,0.1185,0.1609
5723177,97797286923,2016-06-06,75,F,PRAIA DO CANTO,16,1,0,0,0,0.2065,Medium Risk,1,-0.4247,0.0028,0.5496,0.0331,-0.0138,-0.0175,-0.0071,-0.0044,-0.1166,-0.1057
5762566,57831982898362,2016-06-03,61,M,MARUÍPE,0,0,0,1,0,0.0624,Low Risk,0,-0.2493,-0.0353,-1.3292,-0.0194,0.0163,-0.0065,0.1119,-0.0039,0.053,0.0716
5707490,43819638744476,2016-06-02,69,F,FONTE GRANDE,15,0,0,1,0,0.2714,Medium Risk,0,-0.3883,-0.0039,0.6858,-0.0215,0.0105,-0.0162,-0.0094,-0.0059,0.1071,0.03
5787661,1642781438442,2016-06-08,60,F,PRAIA DO CANTO,0,0,0,1,0,0.0574,Low Risk,0,-0.2346,-0.0117,-1.2344,-0.0138,-0.0327,-0.0099,-0.005,-0.0028,0.0529,-0.1622
5636562,29154872857543,2016-06-06,37,F,ILHA DE SANTA MARIA,38,1,0,0,0,0.3418,Medium Risk,0,0.0632,-0.0121,0.7135,-0.0247,0.0073,-0.0032,-0.0097,-0.0013,-0.1171,-0.0078
5770861,1342164533226,2016-06-03,2,M,REDENÇÃO,0,0,0,0,0,0.0486,Low Risk,0,-0.2036,0.0079,-1.5071,0.0047,-0.0047,-0.0243,-0.0094,-0.0065,0.0532,0.0332
5770587,1912899223141,2016-06-03,11,M,SÃO JOSÉ,0,0,0,0,0,0.1402,Low Risk,0,0.2812,0.0787,-1.0211,-0.014,-0.0059,-0.0209,-0.0091,-0.0079,0.0527,0.1816
5764594,6232391847589,2016-06-02,31,F,SÃO JOSÉ,0,0,1,0,0,0.0878,Low Risk,0,0.0126,-0.0248,-1.3874,0.1246,-0.0047,-0.0106,-0.0061,-0.0004,0.0462,0.301
5764596,64334195318317,2016-06-02,11,F,SÃO JOSÉ,0,0,0,0,1,0.1952,Low Risk,0,0.3852,-0.0663,-1.0205,-0.0147,-0.0068,0.35,-0.0058,-0.0074,0.0534,0.1982
5764987,71791235325548,2016-06-02,18,F,NOVA PALESTINA,0,0,1,0,0,0.1207,Low Risk,0,0.3669,-0.0645,-1.3274,0.1074,-0.0037,-0.0244,-0.0074,-0.0021,0.0439,0.0982
5764391,1767177621326,2016-06-02,3,M,SÃO JOSÉ,0,0,0,0,0,0.0614,Low Risk,0,-0.2081,0.0361,-1.4333,-0.0083,-0.0061,-0.0209,-0.0091,-0.007,0.051,0.2302
5764398,4727394256897,2016-06-02,10,M,SÃO JOSÉ,0,0,0,0,0,0.1633,Low Risk,0,0.4207,0.0848,-1.0087,-0.014,-0.0059,-0.0209,-0.0091,-0.008,0.0527,0.211
5787151,94934626165,2016-06-08,32,F,SANTO ANDRÉ,0,0,1,0,0,0.0661,Low Risk,0,-0.0073,-0.0233,-1.4822,0.1363,-0.0047,-0.0106,-0.0075,-0.0017,0.0443,0.1107
5787412,191422171985945,2016-06-08,20,F,REDENÇÃO,0,0,0,0,0,0.1037,Low Risk,0,0.3566,-0.0651,-1.2755,-0.0123,-0.004,-0.0242,-0.0073,-0.0042,0.0453,0.0498
5788893,24844439599517,2016-06-08,3,M,REDENÇÃO,0,0,0,0,0,0.0486,Low Risk,0,-0.1896,0.0081,-1.5096,-0.0073,-0.0047,-0.0243,-0.0094,-0.0065,0.0575,0.0291
5758975,155169899613837,2016-06-01,2,F,SÃO JOSÉ,0,0,0,0,0,0.0574,Low Risk,0,-0.2199,-0.0342,-1.4712,0.0023,-0.0057,-0.0194,-0.0083,-0.007,0.0454,0.2001
5783726,836826291392426,2016-06-07,3,F,REDENÇÃO,0,0,0,0,0,0.0537,Low Risk,0,-0.1329,0.0004,-1.5259,-0.0076,-0.0042,-0.0241,-0.0089,-0.0065,0.055,0.0637
5784211,1492544714527,2016-06-07,8,F,REDENÇÃO,0,0,0,0,0,0.1051,Low Risk,0,0.3152,-0.0435,-1.1854,-0.0129,-0.004,-0.0242,-0.009,-0.0074,0.0553,0.0654
5783766,99992449513917,2016-06-07,35,F,REDENÇÃO,0,0,0,0,0,0.0574,Low Risk,0,-0.072,-0.0224,-1.4193,-0.0135,-0.0036,-0.006,-0.0054,-0.0031,0.049,0.0225
5784432,94555574767168,2016-06-07,13,M,REDENÇÃO,0,0,0,0,0,0.1753,Low Risk,0,0.5804,0.0729,-1.1108,-0.0119,-0.0044,-0.0244,-0.0049,-0.008,0.0552,0.0513
5778081,15281658151491,2016-06-06,6,F,SANTO ANDRÉ,0,0,0,0,0,0.0645,Low Risk,0,-0.0823,-0.0094,-1.4141,-0.015,-0.0057,-0.0195,-0.0089,-0.0096,0.0479,0.0408
5776711,92435814476967,2016-06-06,26,F,SANTO ANDRÉ,0,0,0,0,0,0.0746,Low Risk,1,0.1658,-0.0265,-1.3879,-0.0154,-0.0055,-0.0197,-0.0076,-0.0056,0.0441,0.0764
5773850,25199749463649,2016-06-08,10,M,MONTE BELO,1,0,0,0,0,0.2347,Medium Risk,1,0.1327,0.0335,0.0604,-0.0228,0.0002,-0.0197,-0.0115,-0.0024,0.0661,0.0793
5625718,659194952149165,2016-06-03,28,F,MARIA ORTIZ,36,1,0,0,0,0.3803,Medium Risk,0,0.2165,-0.0185,0.6982,-0.0242,0.0069,-0.0152,-0.0084,-0.0018,-0.1141,0.0697
5786773,335775795231513,2016-06-08,50,F,ITARARÉ,0,0,0,0,0,0.061,Low Risk,0,-0.0674,-0.0627,-1.3743,-0.0081,-0.0034,-0.0053,-0.0037,0.0016,0.046,0.2306
5778466,84581265668744,2016-06-07,79,M,DA PENHA,0,0,0,1,0,0.1106,Low Risk,0,-0.2193,0.0193,-1.2343,0.0153,0.0191,-0.0157,0.0043,-0.007,0.0462,0.1449
5776466,6229533559636,2016-06-06,17,F,DA PENHA,0,0,0,0,0,0.1381,Low Risk,0,0.5524,-0.0697,-1.23,-0.0166,-0.0055,-0.0195,-0.0079,-0.0067,0.0519,0.0602
5777021,213953851965862,2016-06-07,63,F,SÃO JOSÉ,0,0,0,1,0,0.0724,Low Risk,0,-0.2996,-0.0124,-1.1389,-0.0149,0.0121,-0.0118,-0.0069,-0.0063,0.0458,0.2848
5777015,94249599621191,2016-06-07,21,F,BONFIM,0,0,0,0,0,0.0746,Low Risk,0,0.2024,-0.0469,-1.3665,-0.012,-0.0055,-0.0189,-0.0073,-0.0054,0.0421,0.0263
5715348,35632275232794,2016-06-06,30,F,VILA RUBIM,18,1,0,0,0,0.2937,Medium Risk,0,0.1782,-0.0133,0.7568,-0.0183,0.0018,-0.0056,-0.004,-0.0014,-0.0999,-0.3603
5650003,146313659643818,2016-06-06,44,F,SANTA TEREZA,33,1,1,0,0,0.382,Medium Risk,0,0.1169,-0.0091,0.7643,0.2162,0.0029,-0.0043,-0.0103,0.0008,-0.1064,-0.0209
5784226,53425951329,2016-06-07,2,F,MARIA ORTIZ,0,0,0,0,0,0.0378,Low Risk,0,-0.2476,-0.0082,-1.641,-0.0011,-0.0057,-0.0194,-0.0084,-0.0079,0.0452,-0.1112
5647919,62398612571855,2016-06-06,43,M,JARDIM CAMBURI,34,0,0,0,0,0.4185,High Risk,0,0.0749,0.027,0.8227,-0.0271,0.0033,-0.0074,-0.0074,-0.0014,0.1131,0.017
5628633,692447857247133,2016-06-08,48,F,SÃO CRISTÓVÃO,41,1,0,0,0,0.2807,Medium Risk,0,-0.1175,-0.0244,0.6926,-0.0245,-0.0044,-0.0045,-0.0084,-0.0012,-0.1434,0.0064
5734795,4298456651762,2016-06-02,71,M,SANTO ANTÔNIO,8,1,0,1,0,0.1986,Low Risk,0,-0.2846,-0.0203,0.4349,-0.0264,-0.0055,-0.0057,0.1421,0.0018,-0.1122,-0.1603
5765792,83688385697994,2016-06-02,18,F,MARIA ORTIZ,0,0,0,0,0,0.0711,Low Risk,0,0.3407,-0.0671,-1.3622,-0.0166,-0.0055,-0.0195,-0.007,-0.0048,0.0352,-0.045
5771914,631832945618267,2016-06-03,21,F,MARIA ORTIZ,0,0,0,0,0,0.0624,Low Risk,0,0.2143,-0.0489,-1.4364,-0.0166,-0.0055,-0.0195,-0.007,-0.005,0.0406,-0.0343
5769337,661896441943291,2016-06-03,34,M,TABUAZEIRO,0,0,0,0,0,0.0531,Low Risk,0,-0.1487,0.0383,-1.3487,-0.0156,-0.0051,-0.0028,-0.0003,0.0935,0.0525,-0.2239
5733773,66641968395936,2016-06-02,21,M,JARDIM DA PENHA,8,0,0,0,0,0.3437,Medium Risk,0,0.3425,0.0557,0.5099,-0.0214,0.0056,-0.0137,-0.0057,-0.0015,0.0708,-0.2329
5747468,17463945651617,2016-06-08,43,F,MARUÍPE,8,1,0,0,0,0.2906,Medium Risk,0,0.0898,-0.0105,0.4183,-0.0269,0.0005,-0.0042,-0.0096,-0.0018,-0.0784,-0.0031
5750194,595968862941339,2016-06-06,72,M,JARDIM DA PENHA,5,0,0,0,0,0.2114,Medium Risk,1,-0.4927,0.0039,0.4533,0.0257,-0.0213,-0.0223,-0.0084,-0.0055,0.081,-0.1723
5786133,271373362692176,2016-06-08,59,F,JARDIM DA PENHA,0,0,0,0,0,0.0378,Low Risk,0,-0.3082,-0.0121,-1.4473,-0.0146,0.0002,-0.0044,-0.0051,-0.0038,0.0513,-0.47
5750191,595968862941339,2016-06-06,72,M,JARDIM DA PENHA,5,1,0,0,0,0.1924,Low Risk,1,-0.5019,0.0005,0.4552,0.028,-0.0172,-0.0187,-0.0073,-0.0051,-0.0892,-0.1778
5781840,28718838678,2016-06-07,59,F,NOVA PALESTINA,0,0,0,1,0,0.0624,Low Risk,0,-0.3159,0.0454,-1.391,-0.0166,-0.0042,0.0011,0.1812,-0.0027,0.0572,-0.0005
5740505,65368244785328,2016-06-07,49,F,RESISTÊNCIA,12,1,1,1,0,0.2995,Medium Risk,0,-0.0927,-0.0098,0.6025,0.1926,-0.0152,-0.005,-0.0123,0.0005,-0.1308,-0.0381
5755827,89854862814743,2016-06-01,14,M,NOVA PALESTINA,0,0,0,0,0,0.2064,Medium Risk,0,0.6582,0.0861,-1.1054,-0.0118,-0.0044,-0.0244,-0.0041,-0.0078,0.0553,0.0775
5763467,656197543394,2016-06-02,72,F,JOANA D´ARC,0,0,0,1,0,0.0522,Low Risk,0,-0.4239,-0.011,-1.2181,0.027,-0.0088,-0.0156,-0.0048,-0.0062,0.0521,-0.0295
5771947,67936282782521,2016-06-03,7,F,ITARARÉ,0,0,0,0,0,0.0759,Low Risk,1,0.2081,-0.0842,-1.3644,0.0009,-0.0102,-0.0191,-0.005,-0.006,0.0472,0.1065
5750499,723182439957669,2016-06-01,76,M,JESUS DE NAZARETH,0,0,0,1,1,0.0458,Low Risk,0,-0.596,0.0484,-1.3966,0.0068,0.0134,0.1295,-0.0021,-0.0011,0.049,0.0539
5771007,92944553212494,2016-06-08,25,F,SÃO JOSÉ,4,0,1,0,0,0.3575,Medium Risk,1,0.2841,-0.0175,0.3173,0.1885,0.0055,-0.0167,-0.0149,0.0006,0.0611,0.0891
5765128,5738541333381,2016-06-02,5,M,MARIA ORTIZ,0,0,0,0,0,0.0494,Low Risk,0,-0.1186,0.0195,-1.4592,-0.017,-0.0062,-0.0209,-0.0092,-0.0088,0.0511,-0.0652
5605261,85897577386771,2016-06-08,55,F,SÃO CRISTÓVÃO,48,1,0,0,0,0.2084,Medium Risk,0,-0.2863,-0.0123,0.5514,-0.0252,-0.0007,-0.0075,-0.0084,-0.0019,-0.1456,0.0093
5699519,16349457375728,2016-06-02,10,F,CENTRO,16,1,0,0,0,0.2831,Medium Risk,0,0.1334,-0.0048,0.5442,-0.0177,0.0046,-0.0087,-0.0097,-0.003,-0.1157,-0.0161
5760181,672716741159531,2016-06-07,15,F,ILHA DO PRÍNCIPE,5,1,0,0,0,0.3548,Medium Risk,0,0.4538,-0.0215,0.3077,-0.0079,0.0016,-0.0137,-0.0067,-0.0014,-0.0734,0.2267
5763086,13632884329841,2016-06-02,27,F,ILHA DO PRÍNCIPE,0,0,0,0,0,0.0645,Low Risk,0,0.1268,-0.0789,-1.5116,-0.0062,-0.0116,-0.0197,-0.0038,-0.0023,0.0399,0.0712
5765188,638372889424535,2016-06-02,46,M,RESISTÊNCIA,0,0,0,0,0,0.0574,Low Risk,0,-0.0679,0.0505,-1.4176,-0.0133,-0.0028,-0.0086,-0.0036,-0.0044,0.051,-0.1013
5729548,3833171394116,2016-06-02,29,F,ILHA DO PRÍNCIPE,8,1,0,0,0,0.3731,Medium Risk,0,0.2166,-0.0227,0.5189,-0.0118,0.0012,-0.014,-0.0054,-0.0015,-0.0771,0.2321
5765133,3319651561143,2016-06-02,9,M,ILHA DO PRÍNCIPE,0,0,0,0,0,0.1814,Low Risk,0,0.5272,0.1561,-1.1226,-0.0111,-0.0075,-0.0209,-0.0085,-0.0093,0.0535,0.193
5699738,35783496543691,2016-06-03,37,M,MONTE BELO,17,1,0,0,0,0.3418,Medium Risk,1,0.0881,0.0356,0.6611,-0.023,0.0004,-0.0036,-0.0062,-0.0016,-0.0999,0.0767
5699600,25651366776528,2016-06-02,6,F,ITARARÉ,16,0,0,0,0,0.4282,High Risk,1,0.0314,-0.007,0.7602,-0.0042,0.0048,-0.0108,-0.0067,-0.0005,0.1037,0.283
5786857,62519514273895,2016-06-08,46,M,GURIGICA,0,0,0,0,0,0.0624,Low Risk,0,-0.0936,0.0857,-1.3871,-0.0146,-0.0038,-0.0086,-0.0034,-0.0035,0.0527,0.0775
5706720,553379515367936,2016-06-08,3,M,SÃO BENEDITO,21,1,0,0,0,0.331,Medium Risk,0,0.0977,-0.0102,0.8395,-0.0111,0.0063,-0.0144,-0.0086,-0.0033,-0.1365,-0.0645
5700064,54668228421344,2016-06-06,4,F,CONSOLAÇÃO,20,1,0,0,0,0.3528,Medium Risk,0,0.232,0.0095,0.6975,-0.0129,0.0087,-0.0184,-0.0064,-0.001,-0.1236,-0.071
5764743,92366334856,2016-06-06,29,F,DA PENHA,3,1,1,0,0,0.3373,Medium Risk,0,0.2088,-0.0111,0.2717,0.2159,0.0056,-0.0168,-0.0149,0.0006,-0.0633,0.0964
5788215,6443718528426,2016-06-08,57,F,REPÚBLICA,0,0,0,0,0,0.0574,Low Risk,0,-0.2957,-0.0109,-1.2633,-0.0139,-0.0047,-0.0052,-0.0044,-0.0026,0.0532,-0.0578
5749255,3643644231145,2016-06-01,0,F,DA PENHA,0,0,0,0,0,0.0537,Low Risk,0,-0.2445,-0.0169,-1.4684,-0.0013,-0.0057,-0.0194,-0.0088,-0.0087,0.0554,-0.0499
5723600,85816281354473,2016-06-07,40,F,DA PENHA,17,1,1,0,0,0.426,High Risk,0,0.1137,-0.0092,0.6774,0.2138,0.0061,-0.0048,-0.0124,0.0007,-0.0974,0.1222
5753404,197146147275111,2016-06-03,3,M,DA PENHA,2,1,0,0,0,0.222,Medium Risk,1,-0.0039,-0.0049,0.2109,-0.0193,0.0043,-0.0181,-0.0115,-0.0029,-0.0858,0.02
5721894,789467178848414,2016-06-02,17,M,SANTO ANDRÉ,13,1,0,0,0,0.3578,Medium Risk,0,0.3857,0.027,0.4962,-0.0202,0.0039,-0.0104,-0.0061,-0.0018,-0.1167,0.0252
5710054,82581917353579,2016-06-02,19,F,REDENÇÃO,15,1,0,0,0,0.3444,Medium Risk,1,0.3447,-0.0186,0.5728,-0.017,0.0059,-0.015,-0.0082,-0.0011,-0.0672,-0.0139
5678451,92166456359558,2016-06-07,9,M,SÃO JOSÉ,27,0,0,0,0,0.4095,High Risk,0,0.2466,0.0258,0.5827,-0.0206,0.0092,-0.017,-0.0097,-0.0042,0.1115,0.0977
5731573,587486915824,2016-06-07,39,F,SÃO JOSÉ,13,1,0,0,0,0.3148,Medium Risk,1,0.0725,-0.0117,0.5908,-0.0249,0.0058,-0.0033,-0.0092,-0.0016,-0.0924,0.1282
5735878,687972115943618,2016-06-02,3,M,SANTO ANDRÉ,7,1,0,0,0,0.2817,Medium Risk,0,0.0501,-0.0048,0.4605,-0.0193,0.0045,-0.0153,-0.0109,-0.0029,-0.0899,0.0024
5691076,324649261777571,2016-06-02,47,F,SÃO JOSÉ,20,1,0,1,1,0.2977,Medium Risk,1,-0.2032,0.0314,0.4114,-0.0289,-0.047,0.0042,0.2003,-0.0008,-0.1591,0.1032
5746565,873959595875457,2016-06-01,32,F,SÃO CRISTÓVÃO,1,0,0,0,0,0.2592,Medium Risk,0,0.1255,-0.0108,0.2053,-0.0212,0.0065,-0.0077,-0.0083,-0.002,0.0549,-0.0163
5633272,344575683886,2016-06-02,59,F,DA PENHA,34,1,0,1,0,0.3495,Medium Risk,1,-0.2906,0.0485,0.7036,-0.0313,0.0072,-0.0035,0.2527,-0.0007,-0.1442,0.1645
5570688,2613835834433,2016-06-06,83,F,MARUÍPE,54,0,0,1,1,0.4084,High Risk,1,-0.2076,-0.0065,0.7766,-0.009,0.0066,0.1795,-0.0009,-0.0208,0.1431,0.1116
5758716,78398927685114,2016-06-01,10,M,ITARARÉ,0,0,0,0,0,0.1803,Low Risk,1,0.4436,0.1414,-1.1551,-0.0045,-0.0054,-0.0208,-0.0085,-0.006,0.0522,0.218
5757961,733313457731,2016-06-02,84,F,ITARARÉ,0,0,0,1,0,0.0574,Low Risk,1,-0.2343,-0.0142,-1.291,0.0309,0.0252,-0.016,0.0045,-0.0016,0.0444,0.3147
5757932,4399669331984,2016-06-02,56,F,PRAIA DO CANTO,0,0,0,0,0,0.0574,Low Risk,0,-0.2715,-0.0216,-1.2655,-0.0141,0.0014,-0.0046,-0.0052,-0.0028,0.0536,-0.117
5757920,96723834416,2016-06-02,59,M,SANTO ANDRÉ,0,0,0,1,0,0.0574,Low Risk,0,-0.3043,0.016,-1.3043,-0.016,0.0177,-0.0082,-0.0038,-0.004,0.0462,0.0617
5757891,963236712938,2016-06-02,52,F,SANTO ANDRÉ,0,0,0,1,0,0.1114,Low Risk,0,-0.1295,0.0593,-1.3452,-0.0195,0.0007,-0.0074,0.2414,-0.0041,0.0519,0.1169
5757786,3658143518948,2016-06-02,48,F,BONFIM,0,0,0,0,0,0.0574,Low Risk,0,-0.1102,-0.0224,-1.3401,-0.013,-0.004,-0.008,-0.0072,-0.0042,0.0506,0.0246
5748692,533492617414693,2016-06-03,11,M,DA PENHA,2,1,0,0,0,0.2065,Medium Risk,0,-0.0401,0.0098,0.0583,-0.0245,0.0044,-0.0182,-0.0114,-0.0029,-0.0888,0.0228
5748909,417935435875737,2016-06-06,63,M,BONFIM,5,1,0,1,0,0.1895,Low Risk,0,-0.3985,-0.0004,0.2756,-0.0181,0.0114,-0.0121,-0.0071,-0.0054,-0.0933,0.0081
5762574,79369397616875,2016-06-02,43,M,CONQUISTA,0,0,0,0,0,0.0675,Low Risk,0,-0.0369,0.0392,-1.3622,-0.0129,-0.0009,-0.0066,-0.0032,-0.0032,0.0539,0.0199
5757487,354756271188,2016-06-08,46,F,ILHA DO PRÍNCIPE,6,0,0,0,0,0.3124,Medium Risk,0,-0.0418,-0.0222,0.3823,-0.0147,0.0007,-0.0066,-0.0084,-0.0016,0.0742,0.1742
5758121,665437868772954,2016-06-01,68,F,ILHA DO PRÍNCIPE,0,0,0,1,0,0.0494,Low Risk,0,-0.389,-0.0418,-1.3583,-0.007,0.0295,-0.0119,-0.0035,-0.0043,0.0463,0.0562
5789614,25888351191113,2016-06-08,53,F,ILHA DO PRÍNCIPE,0,0,0,1,1,0.0696,Low Risk,0,-0.175,-0.0665,-1.3246,-0.0076,0.0158,0.1948,-0.0029,-0.0006,0.0524,0.1071
5786652,44569422677415,2016-06-08,6,F,ILHA DO PRÍNCIPE,0,0,0,0,0,0.061,Low Risk,0,-0.0628,-0.0789,-1.53,0.0023,-0.0118,-0.0194,-0.005,-0.0074,0.0488,0.0672
5756571,88933738442459,2016-06-08,56,M,JARDIM CAMBURI,6,1,0,0,0,0.2024,Medium Risk,0,-0.3214,0.0188,0.3155,-0.0054,-0.0098,-0.0058,-0.0059,0.0194,-0.0855,-0.0431
5729906,33813856793669,2016-06-03,31,F,ILHA DO PRÍNCIPE,9,1,0,0,0,0.3565,Medium Risk,0,0.151,-0.0202,0.6261,-0.0103,0.0013,-0.0038,-0.0032,-0.0014,-0.098,0.2167
5772135,9716117322324,2016-06-03,31,F,ILHA DO PRÍNCIPE,0,0,0,0,0,0.0574,Low Risk,0,-0.0195,-0.0764,-1.5607,-0.0062,-0.0112,-0.0103,-0.0018,-0.0009,0.0453,0.0707
5775642,455275652766471,2016-06-06,27,M,ILHA DO PRÍNCIPE,0,0,0,0,0,0.105,Low Risk,1,0.1246,0.1171,-1.417,-0.0058,-0.0075,-0.0212,-0.0037,-0.0023,0.0418,0.178
5781413,7646589824528,2016-06-07,57,M,GURIGICA,0,0,0,1,1,0.0559,Low Risk,0,-0.404,0.0497,-1.3535,-0.015,0.0133,0.1202,-0.003,-0.003,0.0568,0.0807
5769753,918846647578,2016-06-03,15,M,ILHA DO PRÍNCIPE,0,0,1,0,0,0.1814,Low Risk,0,0.6525,0.1613,-1.2194,0.0176,-0.0071,-0.0212,-0.0053,-0.0082,0.0512,0.1336
5770277,3196361871579,2016-06-03,81,F,ILHA DO PRÍNCIPE,0,0,0,0,0,0.0574,Low Risk,0,-0.2844,-0.0469,-1.3449,0.0318,-0.0208,-0.0148,0.0045,-0.0038,0.0455,0.0459
5708726,622457335439567,2016-06-03,40,F,ILHA DO PRÍNCIPE,16,0,0,0,0,0.399,Medium Risk,1,0.0448,-0.0235,0.7455,-0.0148,0.002,-0.0067,-0.0072,-0.0016,0.0922,0.1989
5762319,819617583264,2016-06-02,27,F,ILHA DO PRÍNCIPE,0,0,0,0,0,0.0645,Low Risk,0,0.1268,-0.0789,-1.5116,-0.0062,-0.0116,-0.0197,-0.0038,-0.0023,0.0399,0.0712
5729890,96846745428255,2016-06-08,12,F,ILHA DO PRÍNCIPE,14,1,0,0,0,0.3967,Medium Risk,0,0.3744,-0.0159,0.612,-0.0068,0.0009,-0.0087,-0.0138,-0.0017,-0.0959,0.2375
5726770,2874488152,2016-06-06,69,M,ILHA DO PRÍNCIPE,16,1,0,1,0,0.2449,Medium Risk,0,-0.509,0.0172,0.612,-0.0115,0.0134,-0.0121,-0.0044,-0.005,-0.114,0.1799
5738218,58646364217836,2016-06-07,16,F,ILHA DO PRÍNCIPE,12,1,1,0,0,0.4078,High Risk,1,0.3615,-0.0198,0.5801,0.068,0.0012,-0.009,-0.0097,-0.0011,-0.1005,0.1365
5768198,493365222781,2016-06-03,50,M,ILHA DE SANTA MARIA,0,0,0,0,0,0.0574,Low Risk,0,-0.1752,0.0393,-1.2632,-0.0125,0.0012,-0.0057,-0.0032,-0.0038,0.0553,-0.0315
5775462,9957629711173,2016-06-06,24,F,CARATOÍRA,0,0,0,0,0,0.0886,Low Risk,1,0.2564,-0.0928,-1.5004,-0.0042,-0.0116,-0.0197,-0.0037,-0.0018,0.0456,0.0824
5787901,88189371657549,2016-06-08,14,M,BELA VISTA,0,0,0,0,0,0.2179,Medium Risk,0,0.6448,0.0859,-1.1032,-0.0118,-0.0044,-0.0244,-0.0046,-0.0078,0.0553,0.0272
5782324,768948135435873,2016-06-07,16,F,MARIA ORTIZ,0,0,0,0,0,0.0755,Low Risk,1,0.4866,-0.0701,-1.2893,-0.0166,-0.0055,-0.0195,-0.0075,-0.0062,0.0436,-0.044
5771814,459778614633,2016-06-03,5,M,SÃO PEDRO,0,0,1,0,0,0.0679,Low Risk,0,-0.13,0.0231,-1.3424,0.1246,-0.0058,-0.0212,-0.0104,-0.0054,0.053,0.2717
5786037,54683616126984,2016-06-08,15,F,CONSOLAÇÃO,0,0,1,0,0,0.1118,Low Risk,1,0.563,-0.0644,-1.2959,0.1202,-0.0034,-0.0262,-0.0075,-0.0057,0.0543,-0.1106
5760789,964293881991293,2016-06-01,8,M,SANTA MARTHA,0,0,0,0,0,0.0675,Low Risk,1,0.3979,0.0625,-1.3449,-0.013,-0.0054,-0.0129,-0.0076,-0.0033,0.0746,-0.4667
5784551,248383689323,2016-06-07,17,F,GOIABEIRAS,0,0,0,0,0,0.1239,Low Risk,1,0.5488,-0.0697,-1.2158,-0.0151,-0.0055,-0.0195,-0.0079,-0.0067,0.0517,0.0428
5758106,581197334462339,2016-06-01,7,F,MARIA ORTIZ,0,0,0,0,0,0.0687,Low Risk,1,0.2268,-0.0343,-1.2945,-0.0166,-0.0055,-0.0195,-0.0084,-0.0088,0.0476,-0.0584
5758102,1421986987763,2016-06-01,9,M,SÃO BENEDITO,0,0,0,0,0,0.3332,Medium Risk,1,0.8168,0.0747,-0.8987,0.0024,-0.0059,-0.0195,-0.0088,0.5366,0.0604,0.1164
5758108,563513528548171,2016-06-01,9,M,SÃO JOSÉ,0,0,1,0,0,0.2279,Medium Risk,1,0.5247,0.0817,-1.0354,0.1616,-0.0056,-0.0212,-0.0103,-0.006,0.0545,0.2258
5761188,1421986987763,2016-06-01,9,M,SÃO BENEDITO,0,0,0,0,0,0.3332,Medium Risk,1,0.8168,0.0747,-0.8987,0.0024,-0.0059,-0.0195,-0.0088,0.5366,0.0604,0.1164
5769359,6827155863116,2016-06-03,2,M,SANTA MARTHA,0,0,0,0,0,0.0317,Low Risk,0,-0.1557,0.0071,-1.7117,0.0041,-0.0095,-0.0128,-0.0076,-0.0023,0.0661,-0.4629
5787819,16413827455186,2016-06-08,10,M,FONTE GRANDE,0,0,0,0,0,0.1385,Low Risk,0,0.4512,0.0863,-1.0947,-0.013,-0.0059,-0.0209,-0.0092,-0.0097,0.054,-0.0218
5690265,55665457243,2016-06-03,9,M,MARIA ORTIZ,21,1,0,0,0,0.3384,Medium Risk,0,0.1845,0.0117,0.6867,-0.0201,0.0064,-0.0146,-0.0087,-0.0044,-0.122,0.023
5677146,26319257161467,2016-06-08,7,M,MARIA ORTIZ,29,1,0,0,0,0.3244,Medium Risk,0,0.1074,0.0016,0.6064,-0.0182,0.0062,-0.0146,-0.0098,-0.0015,-0.1139,0.0959
5682409,484963372529589,2016-06-08,15,M,MARIA ORTIZ,28,0,0,0,0,0.4301,High Risk,0,0.4093,0.0317,0.6198,-0.0182,0.0092,-0.0171,-0.0076,-0.0021,0.0949,0.0362
5765196,913557596998,2016-06-02,7,F,MARIA ORTIZ,0,0,0,0,0,0.0687,Low Risk,0,0.2268,-0.0343,-1.2945,-0.0166,-0.0055,-0.0195,-0.0084,-0.0088,0.0476,-0.0584
5624771,794774515796599,2016-06-01,14,M,MARIA ORTIZ,35,0,0,0,0,0.446,High Risk,0,0.3998,0.0382,0.683,-0.0254,0.006,-0.0171,-0.0081,-0.0022,0.113,0.0571
5676244,1829188977319,2016-06-06,1,F,MARIA ORTIZ,27,1,0,0,0,0.3578,Medium Risk,1,0.1478,0.0004,0.806,-0.0064,0.0101,-0.0129,-0.0082,-0.0023,-0.1022,0.0203
5783864,6996584593517,2016-06-08,32,F,SANTO ANDRÉ,0,0,0,0,0,0.0624,Low Risk,0,-0.0081,-0.0241,-1.4285,-0.0156,-0.0051,-0.0104,-0.0058,-0.0043,0.0426,0.0827
5780722,6552296776179,2016-06-07,23,M,SÃO JOSÉ,0,0,0,0,0,0.1256,Low Risk,0,0.2505,0.0685,-1.25,-0.0133,-0.0059,-0.0212,-0.0041,-0.0043,0.0468,0.2184
5733107,7441966468771,2016-06-03,36,F,SÃO JOSÉ,9,1,1,0,0,0.3575,Medium Risk,1,0.0978,-0.0097,0.557,0.2098,0.0053,-0.0036,-0.0124,0.001,-0.0965,0.1524
5740269,172988951264654,2016-06-02,26,F,SÃO JOSÉ,7,0,1,0,0,0.381,Medium Risk,0,0.2572,-0.0143,0.4243,0.1917,0.0055,-0.0167,-0.014,0.0006,0.0615,0.1101
5622761,172234613486268,2016-06-02,0,M,REDENÇÃO,36,1,0,0,0,0.3773,Medium Risk,0,0.2145,0.0064,0.8378,-0.0062,0.0075,-0.0196,-0.0098,-0.0012,-0.1605,0.2205
5755762,4286133454529,2016-06-01,11,M,NOVA PALESTINA,0,0,0,0,0,0.1623,Low Risk,0,0.4066,0.0687,-1.0722,-0.0125,-0.0044,-0.0244,-0.0088,-0.0074,0.0592,0.1218
5780627,27966558945278,2016-06-07,29,F,SANTO ANDRÉ,0,0,0,0,1,0.1577,Low Risk,0,0.3061,-0.0314,-1.2989,-0.0159,-0.0068,0.3531,-0.0061,-0.0051,0.0482,0.0974
5769862,69771189254111,2016-06-03,76,M,JESUS DE NAZARETH,0,0,0,1,1,0.0458,Low Risk,0,-0.596,0.0484,-1.3966,0.0068,0.0134,0.1295,-0.0021,-0.0011,0.049,0.0539
5768144,63963718343132,2016-06-03,29,F,JESUS DE NAZARETH,0,0,1,1,0,0.0645,Low Risk,0,0.1313,-0.0584,-1.515,0.0679,0.0283,-0.0201,-0.0051,-0.0022,0.0459,0.0071
5738247,92172186553616,2016-06-02,0,M,JESUS DE NAZARETH,7,0,0,0,0,0.3609,Medium Risk,0,-0.0232,0.0235,0.4864,0.0158,0.0045,-0.0175,-0.0113,-0.0018,0.1015,0.2149
5762008,24513483887675,2016-06-02,25,F,JESUS DE NAZARETH,0,0,0,0,0,0.0785,Low Risk,0,0.2274,-0.0821,-1.5358,-0.007,-0.0106,-0.0197,-0.0037,-0.0018,0.0445,0.031
5732078,46971249184278,2016-06-08,43,F,JESUS DE NAZARETH,14,1,0,1,0,0.382,Medium Risk,0,0.1039,-0.0195,0.6988,-0.0144,-0.0352,-0.0025,-0.0046,-0.0011,-0.0891,0.2393
5785724,79953271127923,2016-06-08,31,F,JESUS DE NAZARETH,0,0,0,0,0,0.0522,Low Risk,0,-0.0287,-0.0652,-1.6051,-0.0079,-0.0102,-0.0103,-0.0018,-0.0007,0.0441,0.033
5785270,3896451946998,2016-06-08,55,F,JESUS DE NAZARETH,0,0,0,1,0,0.0522,Low Risk,0,-0.2419,-0.055,-1.4436,-0.0089,0.0154,-0.0079,-0.0037,-0.0004,0.0457,0.0374
5748642,23366591555713,2016-06-02,42,M,REDENÇÃO,1,0,0,1,1,0.2329,Medium Risk,0,-0.0094,0.0245,0.1643,-0.0235,-0.0737,0.0675,-0.0061,-0.0014,0.0613,-0.0127
5767978,26815852274673,2016-06-07,65,F,JOANA D´ARC,3,1,1,0,0,0.1585,Low Risk,0,-0.4001,0.0071,0.3245,0.1883,-0.01,-0.0114,-0.0099,-0.0028,-0.0677,-0.0847
5757624,218381437371699,2016-06-01,58,F,INHANGUETÁ,0,0,0,1,1,0.0574,Low Risk,0,-0.3349,-0.009,-1.3342,-0.0134,0.0078,0.1157,-0.0063,-0.0038,0.0545,0.0393
5773890,334753743183821,2016-06-06,20,M,GRANDE VITÓRIA,0,0,0,0,0,0.1527,Low Risk,0,0.448,0.0973,-1.2194,-0.0117,-0.0059,-0.0204,-0.0061,-0.0053,0.0487,0.0158
5742022,86814252325889,2016-06-01,69,F,CARATOÍRA,1,0,0,1,1,0.2609,Medium Risk,0,-0.4022,-0.0111,0.2187,-0.0114,0.0018,0.1521,-0.0052,-0.0026,0.0676,0.2212
5761613,293258345762831,2016-06-06,52,F,DA PENHA,3,1,0,1,0,0.2024,Medium Risk,0,-0.1764,-0.0109,0.2252,-0.026,-0.0105,-0.0064,-0.0104,-0.0018,-0.065,0.036
5730033,77217952791437,2016-06-07,21,F,JESUS DE NAZARETH,13,1,0,0,0,0.4282,High Risk,1,0.3386,-0.0223,0.6425,-0.011,0.0045,-0.0087,-0.0045,-0.0009,-0.0632,0.2419
5714884,96921686987377,2016-06-06,25,F,CENTRO,18,1,0,0,0,0.3499,Medium Risk,0,0.3156,-0.0162,0.6701,-0.0165,-0.0005,-0.019,-0.0079,-0.002,-0.0827,-0.0239
5646552,16489635725457,2016-06-01,43,F,CENTRO,29,1,0,0,0,0.3216,Medium Risk,1,0.083,-0.012,0.5991,-0.0206,0.0026,-0.0041,-0.0085,-0.0007,-0.0978,0.0355
5748215,9356935192634,2016-06-03,25,M,JARDIM DA PENHA,3,1,0,0,0,0.2798,Medium Risk,0,0.3448,0.0343,0.3415,-0.0198,0.0062,-0.0153,-0.0051,-0.0014,-0.0601,-0.25
5773453,37923176238526,2016-06-06,19,F,JESUS DE NAZARETH,0,0,0,0,0,0.0886,Low Risk,0,0.3504,-0.1064,-1.4654,-0.0059,-0.0106,-0.0195,-0.0037,-0.0015,0.0403,0.0353
5733718,9198356852626,2016-06-03,57,F,CENTRO,9,1,0,0,1,0.2366,Medium Risk,1,-0.3056,-0.0009,0.5186,-0.0214,-0.0304,0.0801,-0.0079,-0.0016,-0.1362,0.0244
5737874,554469594928,2016-06-02,38,M,CENTRO,7,1,0,0,0,0.3461,Medium Risk,0,0.1169,-0.0229,0.4325,-0.0312,0.006,-0.0003,0.2337,-0.0008,-0.0999,-0.0116
5762261,25413937721195,2016-06-02,1,M,CENTRO,0,0,0,0,0,0.0522,Low Risk,0,-0.2904,0.0161,-1.5558,0.004,-0.0062,-0.0209,-0.0093,-0.0087,0.0479,-0.0598
5759706,5779432784128,2016-06-01,31,F,CENTRO,0,0,0,0,0,0.0574,Low Risk,0,-0.0033,-0.0241,-1.4162,-0.0132,-0.0051,-0.0104,-0.0057,-0.0043,0.0446,0.0586
5758801,25413937721195,2016-06-01,1,M,CENTRO,0,0,0,0,0,0.0522,Low Risk,0,-0.2904,0.0161,-1.5558,0.004,-0.0062,-0.0209,-0.0093,-0.0087,0.0479,-0.0598
5756497,2594182728417,2016-06-01,11,M,PIEDADE,0,0,0,0,0,0.1117,Low Risk,0,0.3643,0.0681,-1.1234,-0.0119,-0.004,-0.0261,-0.0082,-0.0074,0.06,-0.1055
5783175,86547869567745,2016-06-07,93,M,CENTRO,0,0,0,1,0,0.1352,Low Risk,0,0.0864,0.018,-1.0743,0.0269,0.1182,0.0302,0.0045,-0.0119,0.0962,0.0751
5705683,358562767499897,2016-06-08,28,F,CENTRO,21,1,0,0,0,0.3414,Medium Risk,0,0.1758,-0.0129,0.7133,-0.0165,0.007,-0.0152,-0.0081,-0.002,-0.1059,-0.0339
5784140,2813343941422,2016-06-07,65,F,CENTRO,0,0,0,1,1,0.0645,Low Risk,0,-0.347,-0.0108,-1.2661,-0.0141,0.0085,0.1508,-0.0065,-0.0049,0.0525,0.0837
5740040,162572891225961,2016-06-06,41,F,PIEDADE,11,1,0,0,0,0.2906,Medium Risk,0,-0.0076,-0.0088,0.5975,-0.0231,0.0077,-0.004,-0.0068,-0.0012,-0.1003,-0.1705
5775044,635743492646,2016-06-06,8,M,PIEDADE,0,0,1,0,0,0.1334,Low Risk,0,0.3691,0.0565,-1.2172,0.1034,-0.0037,-0.0264,-0.0102,-0.0054,0.0627,-0.1206
5735087,532474862955139,2016-06-06,62,F,PIEDADE,12,1,0,0,0,0.2503,Medium Risk,1,-0.2891,0.0052,0.54,-0.0168,-0.0144,-0.0085,-0.007,-0.0014,-0.1156,-0.059
5634113,65258888356973,2016-06-06,29,F,MARIA ORTIZ,38,1,0,0,0,0.3759,Medium Risk,0,0.2183,-0.0185,0.6966,-0.0242,0.0069,-0.0152,-0.0084,-0.0018,-0.114,0.0694
5744284,77497469277732,2016-06-01,13,F,JESUS DE NAZARETH,1,0,0,0,0,0.3156,Medium Risk,1,0.3444,-0.0118,0.193,-0.0104,0.0049,-0.0181,-0.0067,-0.0017,0.0482,0.2099
5626868,69153486352853,2016-06-02,6,M,MARIA ORTIZ,35,1,0,0,0,0.349,Medium Risk,0,0.054,0.0106,0.8005,-0.0226,0.0062,-0.0146,-0.0098,-0.0025,-0.1375,0.028
5773628,43297237942364,2016-06-07,80,M,PIEDADE,0,0,0,1,1,0.1004,Low Risk,0,-0.2588,0.0167,-1.2458,0.0079,-0.0057,0.179,0.0084,-0.0042,0.0562,-0.0624
5756273,872136345621437,2016-06-03,21,M,MARUÍPE,1,0,0,0,0,0.2904,Medium Risk,0,0.3032,0.0477,0.1485,-0.0226,0.0041,-0.0198,-0.0069,-0.0025,0.0535,-0.0278
5692083,636358754824758,2016-06-03,10,F,SANTO ANTÔNIO,21,0,0,0,0,0.3578,Medium Risk,0,0.1788,-0.0032,0.6615,-0.0206,0.0087,-0.0203,-0.0074,-0.0015,0.1102,-0.1994
5654628,121769879932,2016-06-02,40,F,SANTOS DUMONT,29,1,1,0,0,0.3735,Medium Risk,1,0.1412,-0.0146,0.3789,0.1251,0.0034,-0.0042,-0.0092,-0.0001,-0.0969,0.2073
5712789,4629579454865,2016-06-06,10,M,SANTOS DUMONT,18,0,0,0,0,0.4229,High Risk,1,0.1645,0.0321,0.6632,-0.0038,-0.0025,-0.0206,-0.009,-0.0006,0.1371,0.4122
5690715,8652517648631,2016-06-01,27,F,SANTOS DUMONT,19,1,0,0,0,0.4193,High Risk,1,0.2357,-0.0183,0.708,-0.007,0.005,-0.0186,-0.0049,0.001,-0.0893,0.3996
5714446,857245612971912,2016-06-08,13,F,SANTOS DUMONT,20,1,1,0,0,0.395,Medium Risk,1,0.189,-0.0096,0.5855,0.039,0.0023,-0.0129,-0.0095,-0.0024,-0.1451,0.1729
5723284,66334475319652,2016-06-08,30,F,FONTE GRANDE,18,1,0,0,0,0.3376,Medium Risk,0,0.1677,-0.0133,0.6826,-0.0175,-0.0001,-0.0075,-0.0061,-0.002,-0.1061,-0.0279
5745327,91493478315724,2016-06-06,52,F,CARATOÍRA,6,0,1,0,0,0.3123,Medium Risk,0,-0.1613,-0.0201,0.3861,0.1142,-0.0025,-0.008,-0.0111,-0.0015,0.0795,0.0858
5747551,9286872373713,2016-06-01,53,M,SÃO JOSÉ,1,0,0,0,0,0.2968,Medium Risk,0,-0.1603,-0.0165,0.1413,-0.0296,-0.0044,-0.0054,0.2018,-0.0017,0.0625,0.1125
5747544,26427967436156,2016-06-01,59,F,SANTA CLARA,1,0,0,1,0,0.2163,Medium Risk,0,-0.3193,-0.0082,0.2377,-0.0137,-0.011,-0.0108,-0.0072,-0.0013,0.053,0.0935
5696682,99488813748147,2016-06-08,21,M,JARDIM DA PENHA,25,1,0,0,0,0.3787,Medium Risk,0,0.319,0.0355,0.8914,-0.015,0.0087,-0.0118,-0.0042,-0.0012,-0.1082,-0.3089
5755774,62573383451482,2016-06-01,36,F,JARDIM DA PENHA,0,0,0,0,0,0.0486,Low Risk,0,-0.0302,-0.0287,-1.4847,-0.0145,-0.0047,-0.0027,-0.0064,-0.0033,0.047,-0.4088
5763353,49687139186811,2016-06-06,25,F,MATA DA PRAIA,3,1,0,0,0,0.2645,Medium Risk,0,0.3398,-0.0128,0.2788,-0.0207,0.0069,-0.0212,-0.0069,-0.0014,-0.0467,-0.1616
5680010,2212945531847,2016-06-07,79,F,MATA DA PRAIA,27,0,0,1,0,0.2416,Medium Risk,0,-0.4407,-0.0036,0.4273,0.0268,-0.025,-0.0154,0.008,0.0778,0.0813,-0.3196
5670795,2125166782169,2016-06-03,57,M,JARDIM DA PENHA,27,1,0,0,0,0.1895,Low Risk,1,-0.3548,0.0072,0.5638,-0.0198,-0.0104,-0.0055,-0.0053,-0.0013,-0.1218,-0.3915
5658968,19854776337317,2016-06-02,61,F,JARDIM DA PENHA,28,1,0,1,0,0.1502,Low Risk,0,-0.3748,-0.004,0.5058,-0.0209,-0.0229,-0.0091,-0.0061,-0.0015,-0.0698,-0.4389
5747246,9551914922396,2016-06-03,52,F,JARDIM DA PENHA,3,1,0,1,0,0.1811,Low Risk,0,-0.1981,-0.0128,0.3794,-0.0226,-0.0303,-0.0049,-0.0078,-0.0013,-0.0647,-0.2758
5781315,79617446735664,2016-06-07,37,M,JARDIM DA PENHA,0,0,0,0,0,0.0486,Low Risk,0,-0.041,0.05,-1.4654,-0.0136,-0.0051,-0.0026,-0.0041,-0.0033,0.0518,-0.415
5764105,1411218174435,2016-06-07,86,F,JARDIM DA PENHA,4,1,0,1,0,0.1863,Low Risk,0,-0.4712,-0.0065,0.4631,0.0287,-0.0157,-0.0342,0.0128,0.0968,-0.0847,-0.2303
5693964,92684986454176,2016-06-08,43,F,JARDIM DA PENHA,25,1,0,0,0,0.3123,Medium Risk,0,0.0815,-0.014,0.9663,-0.0213,0.0059,-0.0024,-0.0052,-0.0004,-0.1079,-0.3199
5682616,451272829275,2016-06-02,69,M,JARDIM DA PENHA,22,1,0,0,0,0.1963,Low Risk,0,-0.4814,-0.0037,0.6845,-0.0188,-0.0216,-0.015,-0.0044,-0.0051,-0.1176,-0.2983
5675238,952641619599,2016-06-02,59,F,JARDIM DA PENHA,23,1,0,0,0,0.221,Medium Risk,0,-0.3163,-0.0069,0.8778,-0.0205,-0.0103,-0.0055,-0.0054,-0.0004,-0.1412,-0.3393
5780248,351545393873,2016-06-07,1,M,SANTOS DUMONT,0,0,1,0,0,0.0508,Low Risk,0,-0.6145,0.072,-1.3776,-0.1637,-0.0106,-0.0209,-0.0098,-0.0067,0.0691,0.3511
5747648,351545393873,2016-06-07,1,M,SANTOS DUMONT,7,1,1,0,0,0.1915,Low Risk,1,-0.2781,-0.0466,0.461,-0.1442,0.0007,-0.0154,-0.0145,-0.0019,-0.1094,0.0664
5782554,25435872417332,2016-06-07,37,F,JARDIM DA PENHA,0,0,0,0,0,0.0486,Low Risk,0,-0.0393,-0.0287,-1.4845,-0.0145,-0.0047,-0.0027,-0.0064,-0.0033,0.0472,-0.411
5707600,8994962919918,2016-06-02,43,F,JARDIM DA PENHA,15,1,0,0,0,0.2423,Medium Risk,0,0.0735,-0.0128,0.6885,-0.0227,0.0029,-0.0023,-0.0062,-0.0013,-0.0956,-0.3235
5685046,942521679592,2016-06-08,56,F,JARDIM DA PENHA,27,1,0,1,0,0.1774,Low Risk,0,-0.3075,-0.0127,0.5571,-0.0211,-0.0262,-0.0064,-0.0064,-0.0013,-0.1131,-0.4148
5675587,99765934347968,2016-06-07,56,F,JARDIM DA PENHA,28,0,0,0,1,0.1963,Low Risk,0,-0.3355,-0.0176,0.6143,-0.027,-0.0149,0.069,-0.0043,-0.0014,0.1157,-0.4358
5663999,961731494954,2016-06-02,61,F,MATA DA PRAIA,27,1,0,0,0,0.1812,Low Risk,0,-0.406,0.0061,0.4952,-0.0205,-0.0106,-0.0078,-0.006,-0.0014,-0.0726,-0.2682
5786568,532863886185,2016-06-08,9,F,JARDIM DA PENHA,0,0,0,0,0,0.0624,Low Risk,0,0.4294,-0.0561,-1.3043,-0.0214,-0.0051,-0.0144,-0.0065,-0.0049,0.0587,-0.4513
5663221,1627948537815,2016-06-01,27,F,JARDIM DA PENHA,26,1,0,0,0,0.2808,Medium Risk,0,0.203,-0.0135,0.6921,-0.0177,0.012,-0.0136,-0.0056,-0.0013,-0.1126,-0.3895
5671377,941363954963439,2016-06-06,26,F,JARDIM DA PENHA,30,0,0,0,0,0.3061,Medium Risk,0,0.255,-0.019,0.6165,-0.0212,0.0087,-0.0147,-0.0076,-0.0006,0.0878,-0.3782
5670123,89593987862,2016-06-06,6,M,JARDIM DA PENHA,30,1,0,0,0,0.2622,Medium Risk,0,0.1197,-0.0063,0.6658,-0.0176,0.0078,-0.0118,-0.0088,-0.0001,-0.1227,-0.3487
5748748,17385944962,2016-06-07,28,F,JARDIM DA PENHA,6,1,0,0,0,0.2567,Medium Risk,0,0.1859,-0.0146,0.4929,-0.0218,0.0069,-0.0124,-0.0077,-0.0014,-0.0713,-0.2584
5655193,2178193445674,2016-06-01,19,F,JARDIM DA PENHA,28,1,0,0,0,0.2771,Medium Risk,0,0.345,-0.0195,0.5668,-0.0171,0.012,-0.0114,-0.0057,-0.001,-0.0753,-0.4024
5666622,184354727524698,2016-06-03,27,M,JARDIM DA PENHA,28,1,0,0,0,0.2808,Medium Risk,1,0.2231,0.0271,0.6119,-0.0167,0.0113,-0.014,-0.0052,-0.0013,-0.1062,-0.4282
5770361,448124535954533,2016-06-03,73,F,JARDIM DA PENHA,0,0,0,0,0,0.0405,Low Risk,0,-0.4386,-0.013,-1.3968,0.0262,-0.0006,-0.0177,-0.0057,-0.0074,0.0503,-0.4037
5661210,1929388295948,2016-06-02,28,F,JARDIM DA PENHA,27,1,0,0,0,0.2534,Medium Risk,1,0.1857,-0.0135,0.6162,-0.0182,0.012,-0.0136,-0.006,-0.0013,-0.0942,-0.4035
5670421,88441598879434,2016-06-06,11,M,JARDIM DA PENHA,30,1,0,0,0,0.2449,Medium Risk,1,0.0779,0.0094,0.5416,-0.0177,0.0081,-0.0118,-0.0088,-0.0,-0.1263,-0.4241
5765734,467765261554,2016-06-02,30,F,JARDIM DA PENHA,0,0,0,0,0,0.0462,Low Risk,0,0.0534,-0.0308,-1.5185,-0.0136,-0.0046,-0.0051,-0.003,-0.0036,0.0481,-0.4724
5644308,3724922262667,2016-06-03,68,M,CENTRO,31,1,1,1,0,0.2269,Medium Risk,0,-0.4132,-0.0052,0.6463,0.1859,0.0153,-0.0134,-0.0079,-0.0031,-0.0759,0.0895
5761837,8189445747342,2016-06-02,32,F,PIEDADE,0,0,1,0,0,0.0574,Low Risk,1,-0.1099,-0.0209,-1.565,0.1055,-0.0028,-0.0103,-0.005,-0.0011,0.0523,-0.2035
5619073,416335372891855,2016-06-01,57,F,CENTRO,35,0,0,0,0,0.3123,Medium Risk,1,-0.3234,-0.0051,0.7439,-0.0288,-0.022,-0.0111,-0.0099,-0.0021,0.1222,0.0679
5779565,2396764197668,2016-06-07,53,M,CENTRO,0,0,0,0,0,0.0574,Low Risk,0,-0.1457,0.0416,-1.2627,-0.0141,-0.0044,-0.0088,-0.0036,-0.0044,0.0491,0.0402
5650031,484578178899213,2016-06-07,5,F,PIEDADE,34,0,1,0,0,0.446,High Risk,0,0.1865,0.0094,1.0508,0.2398,0.009,-0.0228,-0.011,0.0007,0.1589,-0.0304
5651524,432678276824689,2016-06-06,49,M,CENTRO,33,1,0,0,0,0.277,Medium Risk,0,-0.1113,0.026,0.6777,-0.0234,-0.0045,-0.0041,-0.0059,-0.0018,-0.1277,0.0429
5651525,432678276824689,2016-06-06,49,M,CENTRO,33,0,0,0,0,0.3545,Medium Risk,0,-0.0628,0.0292,0.7456,-0.0245,-0.0048,-0.0065,-0.0075,-0.002,0.1254,0.047
5773292,57813376188156,2016-06-08,45,M,CARATOÍRA,1,0,0,0,0,0.3097,Medium Risk,0,-0.0902,0.0395,0.1889,-0.0121,0.0006,-0.0074,-0.0063,-0.0015,0.0583,0.2173
5748622,218994184977,2016-06-02,89,F,JARDIM CAMBURI,1,0,0,0,0,0.202,Medium Risk,0,-0.3051,0.0058,0.2528,0.0323,-0.014,-0.0025,0.0051,-0.0068,0.0611,-0.0074
5762263,5154515357933,2016-06-06,50,F,JARDIM CAMBURI,3,1,0,0,0,0.2121,Medium Risk,0,-0.1994,-0.0096,0.2741,-0.0209,-0.0001,-0.003,-0.0103,-0.0012,-0.0568,0.0134
5682994,4695834771436,2016-06-03,58,F,MARUÍPE,22,0,0,1,0,0.3123,Medium Risk,1,-0.2446,-0.004,0.7344,-0.023,0.0075,-0.0117,-0.0096,-0.0022,0.112,0.0122
5678249,6146628899114,2016-06-03,19,F,JARDIM DA PENHA,23,0,0,0,0,0.3759,Medium Risk,0,0.2731,-0.0299,0.9024,-0.0184,0.0088,-0.0125,-0.0061,-0.0011,0.0935,-0.3183
5682430,955324437896599,2016-06-03,44,F,MARUÍPE,23,1,1,0,0,0.4096,High Risk,0,0.1328,-0.0104,0.877,0.2036,0.003,-0.0043,-0.0101,0.0017,-0.132,0.0404
5677555,8635973175273,2016-06-02,27,F,DE LOURDES,22,0,0,0,0,0.2871,Medium Risk,0,0.1042,-0.0577,0.7984,-0.0209,0.0108,-0.013,-0.0061,-0.0015,0.0819,-0.533
5672847,4517436435278,2016-06-02,52,M,DE LOURDES,23,1,0,1,0,0.265,Medium Risk,0,-0.1626,0.0387,0.8009,-0.0251,-0.0319,-0.0002,0.1169,0.0007,-0.1562,-0.4914
5786971,922595615965329,2016-06-08,83,F,MARUÍPE,0,0,0,0,1,0.0757,Low Risk,0,-0.1622,-0.0076,-1.2486,-0.006,-0.0248,0.1296,0.0019,-0.0168,0.0474,0.0792
5786362,25187722162486,2016-06-08,67,F,DE LOURDES,0,0,0,1,0,0.0428,Low Risk,0,-0.4272,0.0281,-1.2067,-0.0146,-0.04,-0.0229,-0.0044,-0.0066,0.0778,-0.5356
5755628,9484963733171,2016-06-01,69,F,SANTOS DUMONT,0,0,0,1,0,0.0411,Low Risk,0,-0.651,-0.0194,-1.2292,-0.0105,0.0324,-0.0123,-0.0035,-0.0019,0.0475,0.3765
5652793,86244156193,2016-06-07,0,F,DE LOURDES,34,1,0,0,0,0.1963,Low Risk,0,-0.0173,0.0097,0.3842,-0.0177,0.0104,-0.0123,-0.0071,-0.0008,-0.1451,-0.635
5777513,2188817216185,2016-06-07,33,F,DE LOURDES,0,0,0,0,0,0.0508,Low Risk,0,-0.0803,0.0158,-1.3596,-0.0139,-0.0037,-0.0029,-0.003,-0.0025,0.0842,-0.4646
5680000,492977537147382,2016-06-07,73,F,SANTOS DUMONT,27,1,0,1,0,0.2276,Medium Risk,0,-0.7011,0.007,0.5144,0.0348,-0.0102,-0.0178,-0.0052,-0.0026,-0.0651,0.194
5533174,15192936123153,2016-06-06,36,F,SANTOS DUMONT,66,1,1,0,0,0.3795,Medium Risk,1,0.1637,-0.0195,0.5838,0.1846,-0.0011,-0.0049,-0.0079,-0.0011,-0.1824,0.2164
5519819,498742599595692,2016-06-06,19,M,SANTOS DUMONT,68,0,0,0,0,0.6111,High Risk,0,0.3682,0.063,0.9906,-0.0155,0.0025,-0.0182,-0.0037,-0.0898,0.159,0.3344
5642268,743357376898978,2016-06-06,68,F,SANTOS DUMONT,37,0,0,0,0,0.268,Medium Risk,1,-0.6053,-0.0042,0.6003,-0.0196,-0.0379,-0.017,-0.0054,-0.0035,0.1486,0.2008
5645108,567488951243773,2016-06-03,18,M,MARIA ORTIZ,31,1,0,0,0,0.3999,Medium Risk,1,0.3689,0.0408,0.6593,-0.0185,0.0062,-0.0146,-0.0066,-0.0015,-0.0832,0.0514
5768967,8343665762621,2016-06-03,20,F,MARIA ORTIZ,0,0,0,0,0,0.0711,Low Risk,0,0.3402,-0.0673,-1.3671,-0.0166,-0.0055,-0.0195,-0.007,-0.0048,0.0406,-0.0449
5633319,36567279715269,2016-06-03,66,M,MARIA ORTIZ,35,1,0,0,0,0.2024,Medium Risk,0,-0.5294,0.0024,0.6287,-0.0256,-0.034,-0.0125,-0.0053,-0.0054,-0.1176,0.0517
5767658,831744518915317,2016-06-07,59,M,ROMÃO,3,1,0,0,0,0.2022,Medium Risk,0,-0.2988,-0.0045,0.2532,-0.0194,-0.0195,-0.0067,-0.0072,-0.0018,-0.0648,-0.0163
5641072,92285974732313,2016-06-08,9,M,MARIA ORTIZ,39,1,0,0,0,0.386,Medium Risk,0,0.2136,0.0415,0.7513,-0.023,0.0059,-0.0146,-0.0097,-0.0043,-0.1399,0.0413
5778205,5342896776979,2016-06-06,66,F,TABUAZEIRO,0,0,0,1,0,0.0544,Low Risk,0,-0.3079,-0.0103,-1.2103,-0.0157,-0.0357,-0.0076,0.0002,0.1524,0.0523,-0.1715
5777446,168221753484792,2016-06-06,82,F,CENTRO,0,0,0,1,1,0.0965,Low Risk,0,-0.2755,-0.0127,-1.2495,0.0035,0.0086,0.1335,0.0019,-0.0054,0.0478,0.0743
5720434,76281692494356,2016-06-07,80,F,ILHA DO PRÍNCIPE,18,1,0,0,0,0.2496,Medium Risk,0,-0.416,-0.0089,0.6484,0.0371,-0.0219,-0.0205,0.0006,-0.0048,-0.1113,0.1493
5761061,67332384894251,2016-06-03,83,M,MONTE BELO,1,0,0,0,0,0.2255,Medium Risk,0,-0.2274,0.0035,0.2059,0.0249,-0.0327,-0.0194,0.0038,-0.0167,0.0521,0.0963
5722638,574471654195985,2016-06-03,74,F,DO QUADRO,13,1,0,1,1,0.2422,Medium Risk,0,-0.3793,-0.0057,0.5914,0.0062,-0.0157,0.1173,-0.0035,-0.0023,-0.1317,-0.2416
5747677,35297727667,2016-06-03,65,F,SANTA TEREZA,3,1,1,1,1,0.1839,Low Risk,1,-0.3588,0.0021,0.2508,0.1759,-0.0011,0.1247,-0.0122,-0.0002,-0.0975,-0.0718
5695649,31353642947658,2016-06-03,66,M,SÃO PEDRO,20,1,0,1,0,0.24,Medium Risk,0,-0.4253,0.0149,0.4819,-0.0202,0.0165,-0.013,-0.0049,-0.0053,-0.1123,0.0856
5639912,172924324461134,2016-06-03,82,M,GRANDE VITÓRIA,34,0,0,1,0,0.2995,Medium Risk,0,-0.3353,0.0088,0.8086,0.0221,0.021,-0.0232,-0.0028,-0.0112,0.1186,0.0673
5536412,1154252667278,2016-06-03,66,M,ESTRELINHA,62,1,0,0,0,0.1179,Low Risk,0,-0.4471,-0.0403,0.419,-0.027,-0.0316,-0.0087,0.1432,0.0011,-0.1708,0.0249
5740247,92812853414749,2016-06-01,36,M,SOLON BORGES,6,1,0,0,0,0.2298,Medium Risk,0,0.0717,0.0254,0.4525,-0.0236,0.0067,-0.0017,-0.0082,-0.0017,-0.1022,-0.4157
5766551,733291415461125,2016-06-06,77,F,JESUS DE NAZARETH,3,1,0,1,0,0.2214,Medium Risk,1,-0.4607,-0.0099,0.3114,0.0372,-0.0133,-0.0157,-0.0039,-0.0042,-0.0612,0.1863
5671516,3885654971246,2016-06-03,40,M,BONFIM,27,0,0,0,0,0.3759,Medium Risk,1,0.0826,0.0255,0.7279,-0.0194,0.0104,-0.0067,-0.0077,-0.0018,0.0994,0.0241
5735163,245549134617978,2016-06-03,19,F,SANTOS REIS,9,1,0,0,0,0.327,Medium Risk,1,0.356,-0.0173,0.4922,-0.0183,0.0055,-0.0107,-0.0087,-0.0011,-0.0718,-0.0591
5772915,984348553519975,2016-06-08,19,M,MARUÍPE,4,1,0,0,0,0.3123,Medium Risk,0,0.3872,0.0372,0.267,-0.022,0.0046,-0.0154,-0.0074,-0.0016,-0.0629,-0.042
5760141,63268853262111,2016-06-01,41,F,BONFIM,0,0,0,1,0,0.0624,Low Risk,0,-0.0832,-0.0224,-1.3678,-0.0131,-0.0169,-0.0068,-0.0072,-0.0042,0.0463,0.0428
5754695,78484721164418,2016-06-01,27,M,SANTA CECÍLIA,0,0,0,0,0,0.105,Low Risk,0,0.1102,0.0985,-1.4316,-0.0037,-0.007,-0.021,-0.0037,0.0002,0.0413,0.1906
5780386,36329743744971,2016-06-08,64,F,SANTOS DUMONT,0,0,0,0,0,0.0494,Low Risk,0,-0.5572,-0.029,-1.2149,-0.0082,-0.0394,-0.0115,-0.0035,-0.0016,0.0473,0.3652
5754913,388432685443,2016-06-03,49,M,TABUAZEIRO,2,0,0,0,0,0.2276,Medium Risk,0,-0.0678,0.0222,0.2035,-0.0234,-0.0002,-0.0063,-0.0061,-0.0015,0.0768,-0.1805
5761312,999471678632216,2016-06-06,36,M,TABUAZEIRO,4,1,0,0,0,0.2423,Medium Risk,0,0.0465,0.0165,0.4394,-0.0237,0.0067,-0.0023,-0.0079,-0.0013,-0.073,-0.1422
5703317,71877539813144,2016-06-03,22,F,CENTRO,17,1,0,0,0,0.3499,Medium Risk,0,0.315,-0.0159,0.6299,-0.0165,0.0046,-0.0093,-0.0083,-0.002,-0.0785,-0.0258
5702210,39165886672718,2016-06-03,45,F,CENTRO,17,1,0,0,0,0.268,Medium Risk,1,-0.1221,-0.0119,0.5976,-0.021,0.0009,-0.0044,-0.0084,-0.0018,-0.1247,0.0063
5730484,47487987127549,2016-06-03,45,M,SANTO ANDRÉ,9,0,0,0,0,0.4088,High Risk,0,-0.0354,-0.0199,0.6192,-0.0319,0.0001,-0.0029,0.2246,-0.001,0.1399,0.0542
5698336,46721643784433,2016-06-01,7,F,CENTRO,15,1,0,0,0,0.277,Medium Risk,0,0.078,0.0054,0.5669,-0.0171,0.0046,-0.0087,-0.0097,-0.003,-0.1155,-0.0259
5707145,875646734728471,2016-06-08,21,M,PARQUE MOSCOSO,21,1,0,0,0,0.4282,High Risk,0,0.3665,0.0422,0.7214,-0.0076,0.003,-0.0146,-0.005,-0.001,-0.0813,0.1834
5788446,1883226269823,2016-06-08,64,M,CENTRO,0,0,0,1,0,0.0574,Low Risk,0,-0.3408,0.0152,-1.2266,-0.0134,0.0189,-0.012,-0.0034,-0.0076,0.0472,0.0696
5756720,43791199839279,2016-06-01,46,F,CENTRO,0,0,0,0,0,0.0574,Low Risk,0,-0.0644,-0.0241,-1.3539,-0.0139,-0.0023,-0.0087,-0.0076,-0.0044,0.0492,0.0614
5785785,224352364489787,2016-06-08,5,M,DO MOSCOSO,0,0,0,0,0,0.0582,Low Risk,0,-0.066,0.0826,-1.4203,-0.0078,-0.0079,-0.0209,-0.0091,-0.0084,0.0523,0.0846
5708376,46129815327518,2016-06-07,81,F,CENTRO,20,0,0,1,0,0.285,Medium Risk,0,-0.3135,-0.0116,0.563,0.0306,0.0105,-0.0208,-0.0031,-0.0058,0.1077,-0.0136
5756639,95673637991558,2016-06-06,22,F,CENTRO,4,1,0,0,0,0.3091,Medium Risk,0,0.3257,-0.0161,0.3274,-0.0205,0.0053,-0.014,-0.01,-0.0019,-0.0585,-0.0481
5699732,954564536862661,2016-06-06,46,F,CENTRO,20,1,0,0,0,0.268,Medium Risk,1,-0.0479,-0.0183,0.5369,-0.021,0.0026,-0.0042,-0.0079,-0.0018,-0.1288,-0.0517
5733687,425525995378,2016-06-01,52,F,MARIA ORTIZ,7,1,0,0,0,0.2269,Medium Risk,0,-0.2008,-0.0109,0.4144,-0.0258,-0.0026,-0.0053,-0.0091,-0.0017,-0.0787,0.0314
5748338,87894527495236,2016-06-01,72,M,ITARARÉ,1,0,0,1,0,0.1986,Low Risk,1,-0.6537,-0.0134,0.2009,0.0344,-0.0039,-0.0256,-0.0063,-0.0029,0.053,0.1216
5745915,73937361979743,2016-06-06,0,F,SANTO ANDRÉ,6,1,0,0,0,0.2382,Medium Risk,0,-0.0968,-0.0023,0.4075,-0.0171,0.0052,-0.0137,-0.0115,-0.0029,-0.1009,-0.0594
5759869,61842542989921,2016-06-02,16,F,INHANGUETÁ,0,0,1,0,0,0.136,Low Risk,0,0.4976,-0.0669,-1.2572,0.105,-0.0052,-0.0191,-0.0098,-0.0043,0.0537,0.0402
5765357,9967376699931,2016-06-02,66,F,SANTO ANTÔNIO,0,0,0,1,0,0.0574,Low Risk,0,-0.3376,-0.0093,-1.1976,-0.0161,-0.0088,-0.0114,-0.0038,-0.0065,0.0515,-0.0178
5770303,8972122213615,2016-06-03,17,F,BELA VISTA,0,0,0,0,0,0.1632,Low Risk,0,0.5767,-0.0679,-1.1856,-0.0123,-0.004,-0.0242,-0.0078,-0.0056,0.0591,0.0546
5699660,77628457333817,2016-06-01,33,F,SANTO ANTÔNIO,15,1,0,0,0,0.294,Medium Risk,0,0.1255,-0.0092,0.6102,-0.0207,0.0068,-0.0033,-0.0043,-0.0012,-0.0996,-0.185
5700362,6494259717359,2016-06-01,60,F,SANTO ANTÔNIO,15,1,0,1,0,0.1963,Low Risk,0,-0.3172,-0.0002,0.5223,-0.0229,-0.0064,-0.0087,-0.0062,-0.0014,-0.1177,-0.2049
5716360,528484459935517,2016-06-08,49,F,SANTO ANTÔNIO,20,1,0,1,0,0.2304,Medium Risk,0,-0.1134,-0.011,0.5842,-0.0238,-0.015,-0.0033,-0.0055,-0.0009,-0.1357,-0.1344
5786112,95773788872659,2016-06-08,2,F,SANTA TEREZA,0,0,0,0,0,0.0574,Low Risk,0,-0.1568,-0.0,-1.5332,0.0035,-0.0057,-0.0188,-0.0089,-0.007,0.0546,0.0248
5755224,36987846846383,2016-06-01,35,F,BELA VISTA,0,0,0,0,0,0.0574,Low Risk,0,-0.0723,-0.0224,-1.4163,-0.0135,-0.0036,-0.006,-0.0054,-0.0031,0.049,0.0198
5729474,489863889139642,2016-06-07,52,M,SANTO ANTÔNIO,13,1,0,0,0,0.2121,Medium Risk,0,-0.2209,0.0188,0.507,-0.0237,0.0007,-0.0049,-0.0043,-0.0012,-0.1251,-0.1983
5780160,86957266838465,2016-06-07,24,M,SANTO ANTÔNIO,0,0,0,0,0,0.0907,Low Risk,0,0.2835,0.0618,-1.2768,-0.0146,-0.0042,-0.0247,-0.002,-0.0045,0.0505,-0.0328
5755191,7617371884136,2016-06-02,60,F,INHANGUETÁ,0,0,0,1,0,0.0574,Low Risk,0,-0.2229,-0.0091,-1.2727,-0.013,0.012,-0.0086,-0.0072,-0.0041,0.0478,0.0348
5761052,42774513682852,2016-06-02,49,F,BELA VISTA,0,0,0,1,1,0.0624,Low Risk,0,-0.1701,-0.0207,-1.2997,-0.0134,-0.0341,0.1532,-0.0063,-0.0027,0.0539,0.0022
5779767,497268378784168,2016-06-07,61,F,GRANDE VITÓRIA,0,0,0,0,0,0.0645,Low Risk,0,-0.2425,-0.0039,-1.2715,-0.0132,-0.0159,-0.008,-0.0092,-0.0041,0.0468,0.0321
5768819,47249882861583,2016-06-06,11,F,GOIABEIRAS,2,1,0,0,0,0.2121,Medium Risk,0,-0.0279,-0.0025,0.0878,-0.0239,0.005,-0.0166,-0.0109,-0.0029,-0.0798,0.0042
5656942,49541718292743,2016-06-03,20,F,PIEDADE,29,1,0,0,0,0.2811,Medium Risk,0,0.2998,-0.017,0.4518,-0.0152,0.0088,-0.0194,-0.0063,0.0,-0.0645,-0.152
5541823,464766831439,2016-06-07,43,F,SÃO BENEDITO,62,1,0,0,0,0.1973,Low Risk,0,-0.0098,-0.0116,0.4126,-0.0248,-0.0021,-0.0061,-0.0079,-0.0024,-0.164,0.0546
5787171,962759528473454,2016-06-08,7,F,SÃO BENEDITO,0,0,0,0,0,0.0898,Low Risk,0,0.275,-0.0203,-1.2428,-0.012,-0.0055,-0.0188,-0.0091,-0.0099,0.0561,0.0206
5749689,26528244659969,2016-06-07,0,M,SÃO JOSÉ,6,0,0,0,0,0.3091,Medium Risk,0,-0.0304,0.0162,0.3443,0.0024,0.0042,-0.0176,-0.0132,-0.0024,0.1018,0.0428
5776251,92512526696868,2016-06-07,0,F,SÃO JOSÉ,0,0,0,0,0,0.0574,Low Risk,0,-0.2223,-0.0438,-1.339,0.0021,-0.0057,-0.0194,-0.0084,-0.007,0.0576,0.1501
5785907,1226383833199,2016-06-08,11,F,GURIGICA,0,0,1,0,0,0.082,Low Risk,0,0.2464,-0.095,-1.3236,0.1258,-0.0115,-0.0197,-0.0094,-0.0058,0.0523,-0.0065
5783032,6218583252593,2016-06-08,0,M,SÃO BENEDITO,0,0,0,0,0,0.061,Low Risk,0,-0.2221,0.0067,-1.4488,0.0046,-0.0062,-0.0203,-0.0096,-0.009,0.0627,-0.0931
5753609,733561917362,2016-06-01,5,M,ITARARÉ,0,0,0,0,0,0.0629,Low Risk,1,-0.1166,0.0837,-1.4567,0.0004,-0.0057,-0.0208,-0.0086,-0.006,0.0507,0.2116
5756881,3471718139899,2016-06-01,0,F,GURIGICA,0,0,0,0,0,0.0524,Low Risk,0,-0.158,-0.0782,-1.4875,0.0021,-0.0121,-0.0194,-0.0083,-0.0075,0.0604,-0.0245
5698542,23411423745728,2016-06-02,24,F,CONSOLAÇÃO,16,1,0,1,0,0.3194,Medium Risk,1,0.3175,-0.0134,0.6096,-0.0172,-0.06,-0.0154,-0.0061,-0.0014,-0.08,-0.135
5760111,32658378924986,2016-06-08,6,M,GURIGICA,6,0,1,0,0,0.3423,Medium Risk,0,-0.0495,0.0114,0.3265,0.1888,0.0007,-0.0181,-0.0172,0.0001,0.0945,0.1618
5694143,84653719847945,2016-06-01,86,M,CONSOLAÇÃO,18,1,0,1,1,0.2317,Medium Risk,0,-0.551,0.0069,0.6507,0.0058,-0.0039,0.1723,0.0056,-0.0025,-0.1332,-0.1998
5769700,61743312847824,2016-06-07,45,F,TABUAZEIRO,3,1,0,0,0,0.2121,Medium Risk,0,-0.1227,-0.0074,0.2894,-0.0236,0.0042,-0.0035,-0.0078,-0.0013,-0.0687,-0.1924
5695439,77329919778972,2016-06-07,46,F,SANTA CECÍLIA,24,1,0,0,0,0.41,High Risk,1,-0.0369,-0.0183,1.0134,-0.0083,0.0054,-0.0038,-0.0042,0.0022,-0.1394,0.3035
5752352,44312783562982,2016-06-07,39,F,MARUÍPE,6,1,0,0,0,0.2671,Medium Risk,1,0.0486,-0.0105,0.3376,-0.0269,0.0065,-0.0034,-0.0122,-0.0018,-0.064,-0.0061
5651467,593653635935933,2016-06-06,27,F,SANTOS DUMONT,33,1,1,0,0,0.3856,Medium Risk,1,0.2292,-0.0204,0.5481,0.1266,0.0022,-0.0152,-0.0089,-0.0006,-0.0963,0.1262
5768136,3373762594855,2016-06-03,35,F,JARDIM DA PENHA,0,0,0,0,0,0.0486,Low Risk,0,-0.0216,-0.0287,-1.498,-0.0145,-0.0047,-0.0027,-0.0033,-0.0033,0.048,-0.4082
5771097,779937277385895,2016-06-07,33,F,SANTO ANTÔNIO,3,1,0,0,0,0.2317,Medium Risk,0,0.097,-0.0087,0.3219,-0.024,0.0073,-0.0068,-0.0059,-0.0013,-0.0538,-0.0999
5771095,364239663531,2016-06-07,43,M,ILHA DAS CAIEIRAS,3,1,0,0,0,0.2484,Medium Risk,0,0.0878,0.0217,0.2168,-0.0225,0.0002,-0.0055,-0.0068,-0.0015,-0.0677,0.0242
5771082,342228422887419,2016-06-07,78,M,ILHA DE SANTA MARIA,3,1,0,0,0,0.1801,Low Risk,0,-0.3907,-0.0056,0.2262,0.0291,-0.0272,-0.0166,0.0074,-0.0051,-0.0697,-0.0813
5754299,7785863185183,2016-06-07,6,M,ILHA DE SANTA MARIA,6,0,0,0,0,0.2374,Medium Risk,0,-0.0493,-0.0125,0.2551,-0.0208,0.0042,-0.015,-0.0134,-0.0016,0.0877,-0.045
5782161,63231799793746,2016-06-07,5,M,PRAIA DO SUÁ,0,0,0,0,0,0.0582,Low Risk,0,-0.1194,0.0467,-1.3871,-0.0142,-0.0061,-0.0209,-0.0092,-0.0084,0.0513,0.1147
5648078,46937994756636,2016-06-07,3,M,JABOUR,35,1,0,0,0,0.3685,Medium Risk,0,0.2041,-0.0121,0.8095,-0.017,0.0079,-0.0198,-0.0083,-0.0012,-0.1496,-0.1672
5762650,13293824288124,2016-06-02,3,M,SÃO CRISTÓVÃO,0,0,0,0,0,0.0434,Low Risk,0,-0.2532,0.0084,-1.5116,-0.0071,-0.0051,-0.0162,-0.0094,-0.0071,0.0552,-0.0636
5762065,76891715629486,2016-06-02,11,M,SÃO CRISTÓVÃO,0,0,0,0,0,0.127,Low Risk,0,0.3712,0.0688,-1.0757,-0.0122,-0.0048,-0.0163,-0.0093,-0.008,0.0569,0.0228
5756231,269619166892,2016-06-01,3,F,SÃO CRISTÓVÃO,0,0,0,0,0,0.0545,Low Risk,0,-0.1968,0.0003,-1.5278,-0.0074,-0.0047,-0.0147,-0.0089,-0.007,0.0527,-0.0295
5785216,1424326244129,2016-06-08,0,F,TABUAZEIRO,0,0,0,0,0,0.0537,Low Risk,0,-0.1048,0.0022,-1.414,0.0029,-0.0092,-0.0217,-0.0067,-0.0029,0.0612,-0.1287
5776025,366854135939,2016-06-07,6,M,ANDORINHAS,0,0,0,0,0,0.0574,Low Risk,1,-0.1364,0.0195,-1.4462,-0.017,-0.0061,-0.0209,-0.0092,-0.0088,0.0513,-0.0607
5778301,3526163352382,2016-06-07,0,M,MARIA ORTIZ,0,0,0,0,0,0.0378,Low Risk,0,-0.2782,0.0257,-1.4969,-0.0,-0.0062,-0.0209,-0.0092,-0.0079,0.0587,-0.1707
5757173,8571216528149,2016-06-07,1,F,REPÚBLICA,5,1,0,0,0,0.2567,Medium Risk,0,0.1282,0.014,0.399,-0.014,0.0068,-0.0193,-0.0085,-0.0009,-0.0817,-0.0415
5744421,5738632719432,2016-06-03,10,F,JABOUR,3,1,0,0,0,0.2214,Medium Risk,0,0.1061,0.0051,0.1866,-0.0212,0.0069,-0.0228,-0.0082,-0.0013,-0.0696,-0.1587
5661525,7222918491942,2016-06-08,8,M,MARIA ORTIZ,33,1,0,0,0,0.3528,Medium Risk,0,0.1421,0.0184,0.6941,-0.0214,0.0062,-0.0146,-0.0098,-0.0025,-0.1174,0.038
5722661,9115843529274,2016-06-06,0,F,ANTÔNIO HONÓRIO,16,1,0,0,0,0.2645,Medium Risk,0,-0.1262,0.0117,0.6031,-0.015,0.0045,-0.0086,-0.0097,-0.0032,-0.157,-0.036
5774482,6663296418857,2016-06-06,76,F,SOLON BORGES,0,0,0,0,0,0.0268,Low Risk,0,-0.5748,-0.0115,-1.4836,0.0262,-0.0006,-0.0241,-0.0061,-0.0069,0.057,-0.7277
5700890,5765649843726,2016-06-06,15,F,SOLON BORGES,20,0,0,0,0,0.347,Medium Risk,0,0.378,-0.0235,0.7222,-0.0192,0.0088,-0.0112,-0.0072,-0.0016,0.1175,-0.3366
5711763,1219246325443,2016-06-03,58,F,JABOUR,15,1,0,0,0,0.2114,Medium Risk,0,-0.3089,0.0066,0.583,-0.0216,-0.011,-0.006,-0.0064,-0.0012,-0.1286,-0.2137
5760314,2299152852867,2016-06-01,35,F,SANTA CLARA,0,0,0,0,0,0.0522,Low Risk,0,-0.0947,-0.0632,-1.5742,-0.0087,-0.0102,-0.0079,-0.002,-0.0007,0.044,-0.0519
5669436,816842238796874,2016-06-01,24,F,JABOUR,25,1,0,0,0,0.3813,Medium Risk,1,0.3429,-0.0088,0.8479,-0.0159,0.0093,-0.0217,-0.005,-0.0012,-0.098,-0.202
5765203,55742197143397,2016-06-02,43,M,VILA RUBIM,0,0,0,0,0,0.042,Low Risk,0,0.0285,0.0477,-1.4778,-0.0136,0.005,-0.0034,-0.0031,-0.0031,0.0528,-0.5108
5776839,479726775624,2016-06-06,60,F,MATA DA PRAIA,0,0,0,0,0,0.0471,Low Risk,0,-0.22,-0.0048,-1.2237,-0.0139,-0.0008,-0.0052,-0.005,-0.0028,0.0525,-0.1422
5773378,621261752427,2016-06-06,65,F,JARDIM DA PENHA,0,0,0,1,1,0.0378,Low Risk,0,-0.3211,-0.0167,-1.4276,-0.0177,-0.0271,0.113,-0.0019,-0.0047,0.0559,-0.5219
5734375,166272276672,2016-06-06,76,M,SÃO JOSÉ,12,1,0,1,0,0.2217,Medium Risk,1,-0.4808,0.0063,0.5188,0.0258,0.0171,-0.0153,-0.0055,-0.0047,-0.1095,0.1217
5762139,61581767483,2016-06-06,0,F,REDENÇÃO,3,1,0,0,0,0.2601,Medium Risk,0,0.138,0.0099,0.3196,-0.0152,0.0065,-0.0225,-0.011,-0.0012,-0.0703,0.1505
5773499,61581767483,2016-06-06,0,F,REDENÇÃO,0,0,0,0,0,0.0964,Low Risk,0,0.0723,-0.004,-1.376,0.003,-0.0042,-0.0241,-0.009,-0.0065,0.0616,0.2394
5778798,95774884767463,2016-06-08,47,F,MORADA DE CAMBURI,1,0,0,0,0,0.2214,Medium Risk,0,-0.0911,-0.0108,0.175,-0.0223,0.0024,-0.0059,-0.0102,-0.0015,0.0656,-0.0229
5745406,733157238882821,2016-06-01,81,M,SANTO ANDRÉ,1,0,0,1,0,0.2472,Medium Risk,1,-0.2099,0.0082,0.1768,0.0346,0.0193,-0.0145,0.0086,0.1268,0.0532,0.1227
5768049,24231372316527,2016-06-03,50,F,SANTA MARTHA,0,0,0,0,0,0.0317,Low Risk,0,-0.1197,-0.0273,-1.4952,-0.0145,0.0094,-0.0012,-0.0046,-0.0035,0.0837,-0.4833
5693778,829635156579689,2016-06-08,21,F,JABOUR,25,1,0,0,0,0.3776,Medium Risk,1,0.3305,-0.0102,0.8445,-0.016,0.0093,-0.0195,-0.005,-0.0012,-0.0841,-0.2032
5701312,355671462518358,2016-06-07,22,F,MARIA ORTIZ,21,1,1,0,0,0.4088,High Risk,0,0.2975,-0.0127,0.751,0.1588,0.0074,-0.0155,-0.0116,0.0007,-0.0834,0.0672
5656907,62581885793864,2016-06-02,59,F,BOA VISTA,28,1,0,0,0,0.2544,Medium Risk,0,-0.3279,-0.0059,0.624,-0.0227,-0.0197,-0.007,-0.0077,-0.0014,-0.1058,0.0525
5760529,73416452619738,2016-06-01,68,F,MARIA ORTIZ,0,0,0,0,0,0.0457,Low Risk,0,-0.3533,-0.0061,-1.3112,-0.0179,-0.0162,-0.0111,-0.0068,-0.0071,0.0444,-0.0251
5756805,29758124472,2016-06-01,52,F,MARIA ORTIZ,0,0,0,0,0,0.0524,Low Risk,0,-0.1331,-0.0245,-1.3426,-0.0176,-0.004,-0.0089,-0.0071,-0.0039,0.0458,-0.0323
5621120,42499923483715,2016-06-01,62,F,MARIA ORTIZ,35,1,0,0,0,0.2431,Medium Risk,0,-0.3354,-0.0027,0.6318,-0.0269,-0.0257,-0.0093,-0.0075,-0.0019,-0.1173,0.085
5627920,8945341974581,2016-06-01,19,M,MARIA ORTIZ,34,1,0,0,0,0.4103,High Risk,1,0.3883,0.0444,0.7175,-0.0218,0.0062,-0.0167,-0.0066,-0.0015,-0.0931,0.0493
5769344,8648937529299,2016-06-03,37,M,SANTO ANTÔNIO,0,0,0,0,0,0.0574,Low Risk,0,-0.1263,0.0366,-1.3408,-0.0161,-0.0037,-0.0059,-0.0032,-0.0032,0.0491,-0.1007
5758262,379483542518,2016-06-08,3,F,REDENÇÃO,6,1,0,0,0,0.2681,Medium Risk,1,0.0781,0.0166,0.3468,-0.0172,0.0065,-0.02,-0.0112,-0.0012,-0.0853,-0.0077
5770273,81213966782532,2016-06-03,48,M,MÁRIO CYPRESTE,0,0,0,0,0,0.0461,Low Risk,1,0.0235,0.0035,-1.483,-0.0138,0.0033,0.0045,-0.0023,-0.0026,0.0899,-0.2453
5758559,89239687393655,2016-06-01,45,F,CRUZAMENTO,0,0,1,1,0,0.099,Low Risk,0,-0.1279,0.0518,-1.5076,0.1882,-0.0107,-0.0057,0.2603,-0.0008,0.0551,0.1723
5789402,99637671331,2016-06-08,46,M,JABOUR,0,0,0,0,0,0.0494,Low Risk,0,-0.1642,0.0267,-1.4094,-0.0146,-0.0006,-0.0084,-0.0027,-0.0032,0.0576,-0.3028
5765288,884383363539988,2016-06-02,14,M,JOANA D´ARC,0,0,1,0,0,0.1662,Low Risk,0,0.6033,0.0804,-1.1222,0.1045,-0.0038,-0.024,-0.0043,-0.002,0.0584,-0.0965
5758868,594623895736855,2016-06-01,39,M,JOANA D´ARC,0,0,0,1,0,0.0574,Low Risk,0,-0.1512,0.0368,-1.3195,-0.0133,-0.0224,-0.0038,-0.0032,-0.0029,0.05,-0.1314
5782098,18894718956,2016-06-07,37,M,SANTA MARTHA,0,0,0,0,0,0.0447,Low Risk,0,0.0386,0.0169,-1.6473,-0.0172,-0.0048,-0.0004,0.1086,-0.0032,0.0891,-0.4981
5761883,352994581526952,2016-06-02,20,M,SANTA MARTHA,0,0,0,0,0,0.0645,Low Risk,0,0.4854,0.1057,-1.446,-0.0127,-0.0054,-0.0129,-0.0023,-0.0034,0.1027,-0.4841
5753789,214163781858789,2016-06-01,0,F,SANTA MARTHA,0,0,0,0,0,0.0383,Low Risk,0,-0.0295,0.0048,-1.5691,0.0018,-0.0091,-0.0125,-0.0061,-0.0022,0.0761,-0.4187
5745334,117631723585215,2016-06-08,64,F,REPÚBLICA,8,1,0,0,0,0.1801,Low Risk,0,-0.4382,0.0054,0.3794,-0.0206,-0.0142,-0.0106,-0.0068,-0.0049,-0.0959,-0.1345
5736627,538197755581782,2016-06-08,49,F,REPÚBLICA,13,1,0,0,0,0.2317,Medium Risk,0,-0.1181,-0.0088,0.5541,-0.0222,-0.0003,-0.003,-0.0061,-0.0012,-0.1329,-0.1823
5731991,98674788175128,2016-06-01,43,F,REPÚBLICA,7,1,0,0,0,0.2457,Medium Risk,0,0.0499,-0.0088,0.4535,-0.0244,0.0029,-0.0031,-0.0069,-0.0012,-0.0796,-0.166
5766121,392354893135,2016-06-02,41,F,RESISTÊNCIA,0,0,0,0,0,0.0574,Low Risk,0,-0.0304,-0.0297,-1.4764,-0.0139,0.0017,-0.0088,-0.0076,-0.0044,0.045,-0.1012
5782276,821656515865489,2016-06-07,27,F,RESISTÊNCIA,0,0,1,0,0,0.0645,Low Risk,0,0.1565,-0.0313,-1.512,0.1151,-0.0052,-0.0199,-0.0096,-0.0033,0.0402,-0.0874
5782349,2844911127167,2016-06-07,41,F,RESISTÊNCIA,0,0,1,0,0,0.0574,Low Risk,0,-0.0197,-0.0288,-1.5469,0.1229,0.002,-0.0091,-0.0092,-0.002,0.0466,-0.0982
5787805,8177229537925,2016-06-08,40,F,RESISTÊNCIA,0,0,0,0,0,0.0574,Low Risk,0,-0.0502,-0.0297,-1.4767,-0.0139,0.0017,-0.0088,-0.0089,-0.0043,0.0435,-0.1058
5776353,46813661897,2016-06-06,32,F,RESISTÊNCIA,0,0,0,0,0,0.0574,Low Risk,0,-0.0087,-0.0297,-1.5086,-0.0131,-0.0051,-0.0104,-0.0058,-0.0043,0.0446,-0.1012
5733501,485252995558,2016-06-06,21,F,DA PENHA,12,1,0,0,0,0.3699,Medium Risk,1,0.3198,-0.0159,0.5627,-0.0233,0.0046,-0.0088,-0.0087,-0.0019,-0.0667,0.0538
5777186,543395728248372,2016-06-06,34,F,DA PENHA,0,0,0,0,0,0.0624,Low Risk,0,-0.0259,-0.0241,-1.4154,-0.018,-0.0051,-0.0079,-0.0058,-0.0042,0.0439,0.1009
5773371,6899418113113,2016-06-06,35,F,BONFIM,0,0,0,0,0,0.0574,Low Risk,0,-0.0516,-0.0224,-1.4149,-0.0132,-0.0051,-0.0073,-0.0054,-0.0041,0.0458,0.037
5740180,241668743149158,2016-06-01,35,M,SOLON BORGES,6,1,0,0,0,0.2298,Medium Risk,0,0.092,0.0254,0.4569,-0.0236,0.0067,-0.0017,-0.0052,-0.0017,-0.1059,-0.4155
5759810,54675441178575,2016-06-03,42,F,SANTA TEREZA,1,0,0,0,0,0.2361,Medium Risk,1,0.056,-0.0108,0.1946,-0.0236,0.0011,-0.0074,-0.0102,-0.0021,0.0597,-0.021
5745590,4688985491111,2016-06-01,20,M,SÃO PEDRO,1,0,0,0,0,0.327,Medium Risk,0,0.3518,0.0509,0.0958,-0.0213,0.0041,-0.0198,-0.0068,-0.0015,0.0534,0.0925
5779096,8851152316655,2016-06-08,55,F,JABOUR,1,0,0,0,0,0.1908,Low Risk,0,-0.2092,-0.0054,0.2003,-0.0251,0.0016,-0.0058,-0.0078,-0.0016,0.0672,-0.1784
5779090,295934785894,2016-06-08,50,M,CENTRO,1,0,0,0,0,0.2214,Medium Risk,0,-0.1534,0.026,0.1585,-0.0216,-0.003,-0.0051,-0.007,-0.0026,0.0582,0.0029
5679799,3563976539485,2016-06-07,31,F,ANDORINHAS,27,1,1,0,0,0.3891,Medium Risk,1,0.1542,-0.0096,0.687,0.1703,0.011,-0.004,-0.0083,0.001,-0.0987,0.0946
5778669,28338741563721,2016-06-06,24,F,JARDIM DA PENHA,0,0,0,0,0,0.0537,Low Risk,1,0.2765,-0.047,-1.4726,-0.013,-0.0051,-0.0146,-0.005,-0.0036,0.0581,-0.3937
5715921,47294793295479,2016-06-06,66,F,PRAIA DO SUÁ,18,1,0,0,0,0.2317,Medium Risk,0,-0.4502,0.0007,0.6312,-0.0216,-0.0267,-0.016,-0.0074,-0.0053,-0.1093,0.0845
5740404,7192234996326,2016-06-02,37,F,RESISTÊNCIA,7,1,1,0,0,0.3331,Medium Risk,0,0.0808,-0.0095,0.4701,0.2012,0.006,-0.0037,-0.0143,0.0005,-0.077,-0.058
5768951,49725339846147,2016-06-07,48,M,JOANA D´ARC,3,1,0,1,0,0.2298,Medium Risk,0,-0.0238,-0.0067,0.3434,-0.028,-0.0177,-0.0024,0.1583,-0.001,-0.0808,-0.1243
5768863,43937113882375,2016-06-06,40,M,DA PENHA,2,1,0,1,0,0.2435,Medium Risk,0,0.0099,0.0234,0.195,-0.0277,-0.058,-0.0044,-0.008,-0.0017,-0.0737,0.0725
5768853,48413135453121,2016-06-06,28,M,JESUS DE NAZARETH,2,1,0,0,0,0.31,Medium Risk,0,0.2142,0.0387,0.2632,-0.0124,0.0046,-0.0184,-0.0064,-0.0012,-0.0737,0.2584
5665894,4486443248219,2016-06-01,71,F,DO QUADRO,26,1,0,1,0,0.1986,Low Risk,0,-0.3571,-0.0039,0.5019,-0.0154,-0.0259,-0.0161,-0.0055,-0.0049,-0.1097,-0.2308
5654945,125731392311,2016-06-08,45,F,SANTA TEREZA,35,1,0,0,0,0.2788,Medium Risk,0,-0.0661,-0.0121,0.7157,-0.0245,0.0093,-0.004,-0.0084,-0.0013,-0.1439,-0.0051
5770259,3959226744412,2016-06-03,80,M,SANTA TEREZA,0,0,0,1,0,0.0574,Low Risk,0,-0.2999,0.017,-1.2165,0.0272,0.0191,-0.0156,0.0073,-0.0068,0.0523,-0.017
5690349,1993295234,2016-06-02,66,F,DO CABRAL,20,1,0,1,0,0.1839,Low Risk,0,-0.4233,-0.0048,0.5893,-0.0205,-0.0128,-0.014,-0.0055,-0.0047,-0.1151,-0.2297
5775202,164487944276969,2016-06-06,23,M,VILA RUBIM,0,0,0,0,0,0.0624,Low Risk,0,0.3522,0.0729,-1.4503,-0.0121,-0.0054,-0.0131,-0.003,-0.0033,0.0622,-0.4828
5666084,9578413538581,2016-06-08,1,M,MARIA ORTIZ,33,1,0,0,0,0.3532,Medium Risk,1,0.1402,0.0127,0.8584,-0.0081,0.0062,-0.0145,-0.0095,-0.0024,-0.1053,0.0205
5787535,88575812353,2016-06-08,8,M,MARIA ORTIZ,0,0,0,0,0,0.0899,Low Risk,0,0.317,0.0684,-1.2018,-0.0168,-0.0059,-0.0209,-0.0092,-0.0088,0.0526,-0.0747
5761170,9367448371581,2016-06-01,45,F,PRAIA DO SUÁ,0,0,0,0,0,0.0574,Low Risk,0,-0.1395,-0.0351,-1.3567,-0.0149,-0.0016,-0.0086,-0.0071,-0.0036,0.048,0.1297
5764947,294936933211731,2016-06-08,76,F,PRAIA DO SUÁ,5,1,0,1,0,0.2176,Medium Risk,0,-0.4712,-0.0046,0.2922,0.029,0.0038,-0.0152,-0.0076,-0.0047,-0.0881,0.059
5757699,34119732138214,2016-06-08,54,F,ROMÃO,6,1,0,0,0,0.2163,Medium Risk,0,-0.1988,-0.0097,0.3352,-0.0212,-0.0026,-0.0052,-0.0108,-0.0019,-0.0858,-0.0168
5788228,324136312572556,2016-06-08,52,M,SANTA MARTHA,0,0,0,1,1,0.0363,Low Risk,0,-0.0003,0.0459,-1.4182,-0.017,-0.0411,0.0419,-0.0014,-0.003,0.0887,-0.5042
5782284,513931849543857,2016-06-08,34,M,SANTA MARTHA,0,0,0,0,0,0.043,Low Risk,0,-0.0893,0.0169,-1.6765,-0.0172,-0.0048,-0.0004,0.0037,-0.0032,0.0899,-0.5282
5787004,12855217358568,2016-06-08,46,M,SANTA MARTHA,0,0,0,1,0,0.0458,Low Risk,0,-0.0969,0.0173,-1.5831,-0.0188,-0.0382,-0.0034,0.0373,0.0557,0.0961,-0.6
5768181,2645128486835,2016-06-07,78,M,ITARARÉ,3,1,0,0,0,0.1688,Low Risk,0,-0.5056,-0.013,0.2991,0.0347,-0.0215,-0.0215,0.0044,-0.0024,-0.0582,0.1686
5758259,4668268768212,2016-06-01,14,M,ARIOVALDO FAVALESSA,0,0,0,0,0,0.1406,Low Risk,1,0.6238,0.0846,-1.0955,-0.012,-0.0055,-0.0221,-0.0033,-0.004,0.058,-0.1879
5716102,9874119226817,2016-06-01,23,F,ROMÃO,13,1,0,0,0,0.3578,Medium Risk,0,0.3099,-0.0137,0.5792,-0.0182,0.0046,-0.0089,-0.0083,-0.002,-0.0818,-0.0221
5781495,85358541876223,2016-06-07,47,F,FORTE SÃO JOÃO,0,0,0,0,0,0.0574,Low Risk,0,-0.0812,-0.0221,-1.2886,-0.0137,-0.0002,-0.0051,-0.0042,-0.003,0.0559,-0.0785
5766124,951676664736226,2016-06-02,50,F,GURIGICA,0,0,0,0,0,0.0522,Low Risk,0,-0.1567,-0.0563,-1.3795,-0.0148,-0.004,-0.0064,-0.007,-0.0036,0.0495,0.0024
5713698,2131719931995,2016-06-01,47,F,SÃO BENEDITO,13,1,0,1,0,0.2562,Medium Risk,0,-0.1199,-0.0097,0.5972,-0.0207,-0.0225,-0.0026,-0.0084,-0.0018,-0.1297,0.0001
5757451,97978892761912,2016-06-01,41,F,JABOUR,0,0,0,0,0,0.049,Low Risk,0,-0.1342,-0.0171,-1.4539,-0.0152,0.0034,-0.0086,-0.005,-0.0032,0.0512,-0.2727
5668095,1941386421492,2016-06-01,44,F,MARIA ORTIZ,25,1,0,0,0,0.3856,Medium Risk,0,0.1072,-0.0135,0.9421,-0.0229,0.0032,-0.0041,-0.0069,-0.0008,-0.1034,0.0351
5684739,2246564529622,2016-06-08,49,F,JABOUR,27,1,0,0,0,0.2406,Medium Risk,0,-0.1235,-0.0047,0.6166,-0.021,0.0017,-0.0039,-0.0056,-0.0011,-0.1374,-0.1975
5763349,38583617878841,2016-06-02,1,M,ROMÃO,0,0,0,0,0,0.0486,Low Risk,0,-0.2623,0.0082,-1.5493,0.0047,-0.0062,-0.0203,-0.0094,-0.009,0.0544,-0.0409
5626084,3951926289522,2016-06-08,0,M,ROMÃO,41,1,0,0,0,0.2593,Medium Risk,0,-0.2504,0.0122,0.6532,-0.006,0.0058,-0.0151,-0.0098,-0.0032,-0.178,0.0089
5722471,258347376835,2016-06-01,5,M,ROMÃO,11,1,0,0,0,0.2681,Medium Risk,0,-0.0187,-0.014,0.5515,-0.0185,0.0038,-0.0103,-0.011,-0.0034,-0.1329,-0.0384
5733694,1349693681336,2016-06-01,28,F,FORTE SÃO JOÃO,7,1,0,0,0,0.2736,Medium Risk,1,0.1965,-0.0097,0.4584,-0.0212,0.0068,-0.0187,-0.0065,-0.0014,-0.0815,-0.1822
5780120,214523937812387,2016-06-07,0,M,FORTE SÃO JOÃO,0,0,0,0,0,0.0537,Low Risk,0,-0.1219,0.0051,-1.3382,0.0043,-0.0044,-0.0228,-0.0074,-0.0028,0.0633,-0.0855
5725585,42212268892269,2016-06-01,59,F,RESISTÊNCIA,11,1,0,1,0,0.2269,Medium Risk,0,-0.2341,-0.0017,0.5858,-0.0211,0.0079,-0.0069,-0.0092,-0.0018,-0.1145,-0.0093
5771704,41694547865122,2016-06-03,3,F,RESISTÊNCIA,0,0,0,0,0,0.0383,Low Risk,0,-0.2641,-0.0132,-1.6889,-0.008,-0.0057,-0.0194,-0.0088,-0.0087,0.049,-0.2372
5736359,6337777353912,2016-06-03,25,F,RESISTÊNCIA,8,1,0,0,0,0.3185,Medium Risk,0,0.3293,-0.0169,0.4385,-0.0204,0.0049,-0.014,-0.0089,-0.0019,-0.0566,-0.0847
5735720,52824667426949,2016-06-02,37,F,RESISTÊNCIA,7,0,0,1,0,0.2933,Medium Risk,0,-0.0079,-0.0137,0.4184,-0.0246,-0.0561,-0.0043,-0.0125,-0.002,0.0713,-0.0568
5594431,6417549937291,2016-06-02,0,F,RESISTÊNCIA,44,1,0,0,0,0.2968,Medium Risk,0,-0.1491,-0.013,0.7368,-0.0146,0.0064,-0.012,-0.0095,-0.0028,-0.1685,-0.0388
5736229,196543533589797,2016-06-01,47,M,RESISTÊNCIA,6,1,0,0,0,0.228,Medium Risk,0,-0.1011,0.0238,0.3467,-0.0214,0.0002,-0.0042,-0.0075,-0.0018,-0.085,-0.0638
5755841,636733439185,2016-06-08,12,F,RESISTÊNCIA,6,1,0,0,0,0.2764,Medium Risk,0,0.3485,-0.0062,0.3201,-0.0204,0.0053,-0.0138,-0.0193,-0.0029,-0.0646,-0.0557
5755951,5435696579361,2016-06-01,11,F,RESISTÊNCIA,0,0,1,0,0,0.0886,Low Risk,0,0.2734,-0.0622,-1.2978,0.1161,-0.0052,-0.0197,-0.0107,-0.0072,0.0507,-0.1268
5755048,3535153862359,2016-06-01,18,M,RESISTÊNCIA,0,0,0,0,0,0.0922,Low Risk,0,0.4456,0.1087,-1.2908,-0.0123,-0.0059,-0.021,-0.0043,-0.0053,0.0443,-0.1304
5783561,51787663787,2016-06-07,48,F,RESISTÊNCIA,0,0,0,1,0,0.0574,Low Risk,0,-0.0945,-0.0296,-1.405,-0.0135,0.0005,-0.0094,-0.0075,-0.0044,0.0493,-0.112
5755965,56985597846672,2016-06-07,51,M,RESISTÊNCIA,5,1,1,1,1,0.2373,Medium Risk,0,-0.1614,0.017,0.2948,0.1779,-0.0154,0.0888,-0.0098,0.0007,-0.1176,-0.0406
5775485,14328817883974,2016-06-06,18,F,RESISTÊNCIA,0,0,0,0,0,0.0696,Low Risk,0,0.3499,-0.0724,-1.3651,-0.0127,-0.0055,-0.0195,-0.0075,-0.0053,0.0354,-0.127
5766893,8132827648628,2016-06-02,17,F,SÃO BENEDITO,0,0,0,0,0,0.1239,Low Risk,0,0.5668,-0.0677,-1.2235,-0.012,-0.0055,-0.0189,-0.0082,-0.0066,0.0602,-0.0005
5758829,489417647755,2016-06-03,50,M,SANTO ANTÔNIO,1,0,1,0,1,0.273,Medium Risk,0,-0.2263,0.0138,0.1989,0.2348,-0.0088,0.0566,-0.0074,0.0007,0.0749,-0.0572
5774402,5446442178544,2016-06-08,12,M,ILHA DAS CAIEIRAS,1,0,1,0,0,0.3418,Medium Risk,0,0.3545,0.0094,0.1589,0.1585,0.0044,-0.02,-0.0269,-0.0,0.063,0.1071
5774293,19668776752859,2016-06-07,41,M,INHANGUETÁ,0,0,0,0,0,0.0624,Low Risk,0,-0.0536,0.0389,-1.3864,-0.0129,0.0012,-0.0081,-0.0033,-0.0043,0.0477,0.0174
5783942,2598526864419,2016-06-08,25,F,PIEDADE,0,0,1,0,0,0.0757,Low Risk,1,0.2105,-0.0392,-1.4776,0.1012,-0.0033,-0.0263,-0.007,-0.0024,0.0527,-0.1429
5767416,14868347255,2016-06-06,59,F,PARQUE MOSCOSO,3,1,0,0,0,0.2152,Medium Risk,0,-0.3061,-0.0067,0.2914,-0.0158,-0.0103,-0.0067,-0.0069,-0.0013,-0.0655,0.0949
5759752,724876448113,2016-06-01,14,M,TABUAZEIRO,0,0,0,0,0,0.1259,Low Risk,0,0.6239,0.0846,-1.0991,-0.0122,-0.0055,-0.0221,-0.0034,-0.0042,0.0578,-0.1839
5619855,5746573965671,2016-06-01,63,F,TABUAZEIRO,35,1,0,1,1,0.1505,Low Risk,1,-0.426,-0.0005,0.5578,-0.029,-0.0131,0.1015,-0.0021,-0.0023,-0.1473,-0.2659
5774345,546113696398921,2016-06-06,48,M,TABUAZEIRO,0,0,0,1,0,0.0574,Low Risk,0,-0.0871,0.0382,-1.3255,-0.0133,-0.0335,-0.0089,-0.0027,-0.0031,0.0588,-0.1849
5719792,55248748719485,2016-06-02,10,M,DA PENHA,13,1,1,0,0,0.338,Medium Risk,0,0.103,0.0015,0.4887,0.1788,0.0042,-0.0106,-0.0154,-0.0004,-0.1251,0.0908
5735051,83137645789549,2016-06-07,29,F,BONFIM,13,1,0,0,0,0.3156,Medium Risk,0,0.1761,-0.0105,0.5809,-0.0192,0.0045,-0.0089,-0.0086,-0.0019,-0.1043,-0.006
5724499,73887864698124,2016-06-06,25,F,JESUS DE NAZARETH,16,0,0,0,0,0.446,High Risk,1,0.2961,-0.0241,0.7197,-0.0118,0.0044,-0.0113,-0.0053,-0.0012,0.0764,0.221
5770820,879246367357989,2016-06-03,19,F,PARQUE MOSCOSO,0,0,0,0,0,0.1169,Low Risk,0,0.373,-0.1175,-1.3978,-0.004,-0.0116,-0.0195,-0.0036,-0.0015,0.0418,0.066
5675240,4494156289229,2016-06-07,16,F,JESUS DE NAZARETH,28,0,0,0,0,0.446,High Risk,1,0.3803,-0.0261,0.6739,-0.0102,0.01,-0.0154,-0.0061,-0.0008,0.0878,0.2197
5608628,7191345652599,2016-06-02,22,F,JESUS DE NAZARETH,42,1,0,0,0,0.4282,High Risk,1,0.3788,-0.0267,0.7049,-0.0141,0.0064,-0.0142,-0.0053,-0.0009,-0.0977,0.2408
5768637,6677235644375,2016-06-03,52,F,JESUS DE NAZARETH,0,0,0,1,0,0.0522,Low Risk,0,-0.1798,-0.0569,-1.4147,-0.0082,0.0154,-0.0097,-0.0037,-0.0008,0.0462,0.0263
5752038,8173892138738,2016-06-01,35,F,JESUS DE NAZARETH,0,0,0,0,0,0.0522,Low Risk,0,-0.0593,-0.0652,-1.5788,-0.0087,-0.0102,-0.0079,-0.002,-0.0007,0.0441,0.0271
5752737,37365636838154,2016-06-02,85,M,SÃO JOSÉ,1,0,0,1,0,0.2618,Medium Risk,0,-0.2526,-0.0338,0.1445,0.0427,0.0193,-0.0145,0.0087,0.1008,0.0538,0.1776
5752736,4939373172149,2016-06-02,65,F,NOVA PALESTINA,1,0,0,1,1,0.2152,Medium Risk,1,-0.3722,-0.0012,0.1615,-0.0206,-0.0105,0.1415,-0.005,-0.0026,0.0679,-0.0023
5752727,3274789362393,2016-06-02,53,F,INHANGUETÁ,1,0,0,0,0,0.2214,Medium Risk,0,-0.1994,-0.0105,0.1693,-0.0218,-0.0037,-0.0075,-0.0102,-0.0028,0.0574,0.0037
5722823,383244896974585,2016-06-06,27,M,JESUS DE NAZARETH,16,1,0,0,0,0.4195,High Risk,0,0.263,0.0382,0.6656,-0.0104,0.0041,-0.0105,-0.0052,-0.0012,-0.0839,0.2534
5681788,3263951919781,2016-06-06,84,F,DE LOURDES,26,1,0,0,0,0.1432,Low Risk,0,-0.8868,0.0022,0.6295,0.0306,0.015,-0.0309,0.0022,-0.0077,-0.0572,-0.7843
5770432,7189164386853,2016-06-03,53,F,SANTA HELENA,0,0,0,0,0,0.0574,Low Risk,0,-0.1691,-0.0225,-1.2776,-0.0136,0.001,-0.0069,-0.0072,-0.0033,0.055,0.0188
5769209,53145877947391,2016-06-03,51,M,BENTO FERREIRA,0,0,0,1,0,0.0661,Low Risk,0,-0.1814,0.1011,-1.2545,-0.0083,0.0041,-0.0096,-0.0033,-0.0036,0.0496,0.0956
5782109,9986769439135,2016-06-07,79,F,TABUAZEIRO,0,0,0,1,0,0.0542,Low Risk,0,-0.3009,-0.0117,-1.2545,0.0268,-0.0352,-0.0193,0.0054,-0.0063,0.0521,-0.2358
5783213,99117653631431,2016-06-07,0,M,TABUAZEIRO,0,0,0,0,0,0.0486,Low Risk,0,-0.1647,0.0051,-1.3949,0.0042,-0.0096,-0.022,-0.0082,-0.0029,0.0622,-0.1787
5771760,427615135359,2016-06-03,81,M,TABUAZEIRO,0,0,0,1,0,0.0471,Low Risk,0,-0.3201,0.0178,-1.2289,0.0264,-0.0284,-0.0194,0.0072,-0.0063,0.0542,-0.2259
5689140,69718145829862,2016-06-03,20,F,TABUAZEIRO,21,0,0,0,0,0.3526,Medium Risk,1,0.3016,-0.0222,0.6813,-0.0179,0.0088,-0.0187,-0.0065,-0.0013,0.0727,-0.2214
5755174,619633653326353,2016-06-08,55,M,SANTO ANDRÉ,6,0,0,0,0,0.2422,Medium Risk,0,-0.172,0.0256,0.3219,-0.0255,-0.0036,-0.0076,-0.0091,-0.0021,0.0684,0.0197
5711110,43825818182793,2016-06-01,3,F,REDENÇÃO,13,1,0,0,0,0.3109,Medium Risk,0,0.123,0.0118,0.6356,-0.0157,0.0058,-0.015,-0.0094,-0.0012,-0.1151,-0.0001
5755067,77235856631975,2016-06-08,52,M,REDENÇÃO,6,1,0,0,0,0.2065,Medium Risk,0,-0.1879,0.0216,0.3147,-0.0198,0.001,-0.0049,-0.0074,-0.0012,-0.0833,-0.0312
5730967,57814831325812,2016-06-02,2,F,TABUAZEIRO,8,1,0,0,0,0.2816,Medium Risk,0,0.1035,0.0205,0.5107,-0.0141,0.0061,-0.0184,-0.0075,-0.001,-0.0882,-0.1669
5621349,6389497789226,2016-06-08,15,M,TABUAZEIRO,42,1,0,0,0,0.3079,Medium Risk,1,0.4493,0.0214,0.4574,-0.0346,0.0077,-0.0171,-0.006,-0.0014,-0.1308,-0.2896
5615973,8481613784683,2016-06-08,23,F,TABUAZEIRO,43,1,1,0,0,0.3769,Medium Risk,0,0.3767,-0.0101,0.6911,0.2379,0.0087,-0.0206,-0.009,-0.0015,-0.1354,-0.177
5615970,827813833232129,2016-06-08,34,F,TABUAZEIRO,43,1,1,0,0,0.3325,Medium Risk,0,0.1429,-0.0073,0.7527,0.2898,0.0091,-0.0021,-0.0059,-0.0014,-0.1575,-0.2136
5755253,443998471828382,2016-06-07,22,F,REDENÇÃO,5,1,0,0,0,0.3099,Medium Risk,0,0.3348,-0.0151,0.344,-0.0199,0.0066,-0.0202,-0.01,-0.0014,-0.0447,-0.0012
5762765,4655949293976,2016-06-02,57,F,TABUAZEIRO,0,0,0,1,0,0.0471,Low Risk,0,-0.2724,-0.0134,-1.3143,-0.0139,-0.0339,-0.0089,-0.0052,-0.0028,0.0533,-0.1811
5645757,89984813962876,2016-06-06,73,F,TABUAZEIRO,34,1,1,1,0,0.1563,Low Risk,0,-1.0258,-0.0054,0.6553,-0.2275,-0.014,-0.1075,-0.0092,-0.0051,-0.1697,-0.2208
5786533,92388644259316,2016-06-08,59,F,CRUZAMENTO,0,0,1,1,0,0.0624,Low Risk,0,-0.2467,-0.0108,-1.3782,0.1602,0.01,-0.0084,-0.0089,-0.0007,0.0469,0.1153
5781449,24543143639697,2016-06-07,3,M,GURIGICA,0,0,0,0,0,0.0624,Low Risk,0,-0.1406,0.08,-1.5379,-0.0083,-0.0079,-0.0209,-0.0091,-0.0075,0.0538,0.1339
5755358,7373233219772,2016-06-03,60,M,MONTE BELO,1,0,0,0,0,0.1963,Low Risk,0,-0.3516,-0.0012,0.1726,-0.0225,-0.0324,-0.0125,-0.0069,-0.002,0.0534,0.0674
5751419,7817892632243,2016-06-01,69,F,BENTO FERREIRA,0,0,0,1,0,0.0472,Low Risk,0,-0.4089,-0.0396,-1.3284,-0.009,0.0306,-0.0119,-0.0059,-0.0068,0.0466,0.0305
5773459,8576353699494,2016-06-08,71,F,SANTA MARTHA,1,0,0,1,1,0.144,Low Risk,0,-0.3105,-0.0081,0.1294,-0.0195,-0.0185,0.1491,-0.0036,-0.0031,0.0893,-0.4166
5773466,46937997316921,2016-06-08,80,F,MARUÍPE,1,0,0,1,0,0.2065,Medium Risk,0,-0.2489,-0.0039,0.1828,0.0207,0.009,-0.0199,0.0009,-0.0062,0.0528,0.0309
5742312,161755424676456,2016-06-01,67,F,TABUAZEIRO,1,0,0,1,0,0.1719,Low Risk,0,-0.3516,-0.0008,0.2018,-0.0217,-0.0149,-0.0149,-0.0072,-0.0054,0.0636,-0.1605
5642061,7459323312784,2016-06-03,32,M,ITARARÉ,34,1,0,0,0,0.3578,Medium Risk,1,0.0987,0.04,0.6857,-0.0202,0.0081,-0.0027,0.1133,0.0008,-0.1249,0.1516
5627635,71353334276527,2016-06-02,7,M,JOANA D´ARC,35,0,0,0,0,0.3808,Medium Risk,0,0.1558,-0.0029,0.6983,-0.0258,0.0077,-0.02,-0.0095,-0.0011,0.1279,-0.1646
5644708,226366897365,2016-06-06,36,F,SANTA MARTHA,34,0,0,0,0,0.3271,Medium Risk,1,0.0389,-0.0183,0.8352,-0.0332,0.0092,-0.0047,-0.0091,-0.0016,0.0702,-0.2999
5622148,34378824295693,2016-06-07,11,F,SANTA MARTHA,41,1,1,0,0,0.3214,Medium Risk,0,0.0973,-0.0121,0.7846,0.2157,0.0087,-0.0113,-0.0096,-0.0011,-0.1436,-0.2341
5651686,693196624319388,2016-06-08,25,F,SANTA MARTHA,35,1,1,0,0,0.4051,High Risk,1,0.2707,-0.0131,0.7418,0.2124,0.0091,-0.0151,-0.0086,-0.0015,-0.1295,-0.2151
5773293,2677354759756,2016-06-06,59,M,SANTA MARTHA,0,0,1,0,0,0.0317,Low Risk,0,-0.3604,0.0095,-1.6304,0.1257,-0.0069,-0.0062,-0.0041,-0.004,0.0869,-0.5529
5782543,135338949346,2016-06-08,35,F,SANTA MARTHA,0,0,1,0,0,0.042,Low Risk,0,0.0179,-0.0248,-1.6848,0.1308,-0.0043,-0.0044,-0.0044,-0.0035,0.0817,-0.4437
5773897,74596963186863,2016-06-06,34,F,SANTA MARTHA,0,0,0,0,0,0.0405,Low Risk,0,-0.0315,-0.0272,-1.6151,-0.0149,-0.0046,-0.0027,-0.0029,-0.0034,0.0803,-0.4885
5709590,764696882925829,2016-06-08,19,F,BELA VISTA,21,1,0,0,0,0.3712,Medium Risk,1,0.3317,-0.0178,0.6595,-0.0155,0.0084,-0.0193,-0.0077,-0.0011,-0.0652,-0.0493
5663133,873424168268168,2016-06-08,7,F,MARIA ORTIZ,33,1,0,0,0,0.3528,Medium Risk,0,0.143,0.0002,0.7143,-0.0222,0.0069,-0.013,-0.0091,-0.0025,-0.1083,0.028
5663443,47241248364433,2016-06-06,0,F,MARIA ORTIZ,31,1,0,0,0,0.2444,Medium Risk,0,-0.3561,-0.0286,0.5502,-0.014,0.0068,-0.0129,-0.0091,-0.0024,-0.1946,-0.1739
5705044,24852911925754,2016-06-02,18,F,PRAIA DO SUÁ,16,0,0,0,0,0.4282,High Risk,1,0.2896,-0.0283,0.6436,-0.0199,0.0045,-0.0112,-0.0089,-0.0016,0.0787,0.0746
5663426,957799948315432,2016-06-06,17,M,MARIA ORTIZ,31,1,0,0,0,0.4003,High Risk,0,0.4139,0.0367,0.6244,-0.0185,0.0062,-0.0146,-0.0071,-0.0016,-0.1146,0.0496
5759138,98959933911568,2016-06-02,26,F,PRAIA DO SUÁ,0,0,0,0,0,0.1015,Low Risk,0,0.1764,-0.0376,-1.3794,-0.0141,-0.0055,-0.0197,-0.0071,-0.0048,0.0454,0.146
5773491,2342685834895,2016-06-06,63,F,DO MOSCOSO,0,0,0,1,0,0.0522,Low Risk,0,-0.3328,-0.0273,-1.3042,-0.0132,0.031,-0.0118,-0.0068,-0.0068,0.0468,0.0028
5777277,85725313133922,2016-06-06,28,F,CENTRO,0,0,0,0,0,0.0711,Low Risk,0,0.1351,-0.0265,-1.359,-0.0132,-0.0055,-0.0197,-0.0077,-0.0057,0.0446,0.0643
5685646,688114436472398,2016-06-07,25,F,DO MOSCOSO,26,1,0,0,0,0.382,Medium Risk,0,0.3364,-0.0202,0.6848,-0.016,0.006,-0.0152,-0.0073,-0.0017,-0.0925,0.0445
5653242,28189256952787,2016-06-07,19,F,DO MOSCOSO,34,1,0,0,0,0.381,Medium Risk,0,0.3609,-0.0293,0.7153,-0.0206,0.0027,-0.0151,-0.008,-0.0014,-0.0856,0.0438
5780405,61661159675371,2016-06-07,7,M,PARQUE MOSCOSO,0,0,0,0,0,0.1377,Low Risk,0,0.2891,0.1344,-1.1859,0.0009,-0.0075,-0.0209,-0.0086,-0.0074,0.052,0.1804
5719114,766249212832493,2016-06-01,54,F,JABOUR,12,0,1,0,0,0.3089,Medium Risk,0,-0.1817,-0.0038,0.622,0.2317,0.0016,-0.0063,-0.0106,0.0005,0.1293,-0.1756
5775572,817876837185,2016-06-08,40,M,DA PENHA,1,0,0,0,0,0.2654,Medium Risk,0,0.0645,0.0259,0.1699,-0.028,0.0053,-0.0075,-0.0083,-0.0025,0.053,0.0603
5766688,91882221763764,2016-06-02,34,F,JABOUR,0,0,0,0,0,0.0494,Low Risk,0,-0.1332,-0.0171,-1.4685,-0.0152,-0.0033,-0.0077,-0.0033,-0.0031,0.0508,-0.2712
5763991,6485731375889,2016-06-02,87,F,SOLON BORGES,0,0,0,0,0,0.0317,Low Risk,0,-0.5213,-0.0116,-1.3718,0.0245,-0.0007,-0.0428,0.0101,0.1346,0.0607,-0.8131
5762105,737146988113978,2016-06-02,11,M,MARIA ORTIZ,0,0,0,0,0,0.1033,Low Risk,0,0.3071,0.0757,-1.1645,-0.0168,-0.0059,-0.0209,-0.0091,-0.0088,0.0525,-0.0832
5697085,3462236481555,2016-06-07,35,M,RESISTÊNCIA,24,1,0,0,0,0.4078,High Risk,0,0.0784,0.0282,0.926,-0.0182,0.0073,-0.0033,-0.0031,-0.0017,-0.13,-0.0488
5691823,94751283925367,2016-06-06,36,F,RESISTÊNCIA,24,1,0,0,0,0.3676,Medium Risk,1,0.0591,-0.0139,0.9341,-0.0194,0.008,-0.0033,-0.0087,-0.0017,-0.1229,-0.0443
5764422,933415915181568,2016-06-06,47,M,RESISTÊNCIA,3,1,0,0,0,0.2214,Medium Risk,0,-0.0878,0.0237,0.2657,-0.0218,0.0002,-0.0055,-0.0068,-0.0018,-0.071,-0.0622
5764448,486959511112,2016-06-03,7,M,DO CABRAL,0,0,0,0,0,0.0985,Low Risk,0,0.3016,0.0454,-1.1109,-0.0129,-0.0055,-0.0146,-0.0082,-0.0039,0.0609,-0.1354
5787158,7137728397778,2016-06-08,1,M,SANTA TEREZA,0,0,0,0,0,0.0524,Low Risk,0,-0.2099,0.0082,-1.5178,0.0047,-0.0062,-0.0203,-0.0094,-0.0071,0.0552,-0.011
5754464,76325775714384,2016-06-08,22,M,ESTRELINHA,7,1,0,0,0,0.327,Medium Risk,0,0.3777,0.0305,0.395,-0.0187,0.0055,-0.0125,-0.0062,-0.0014,-0.0599,-0.0655
5771041,7926992975682,2016-06-03,17,F,GURIGICA,0,0,0,0,0,0.1007,Low Risk,0,0.5511,-0.1057,-1.3137,-0.0138,-0.0118,-0.0195,-0.0074,-0.0059,0.0547,-0.0023
5774619,59466947699326,2016-06-06,5,M,SANTA TEREZA,0,0,0,0,0,0.0624,Low Risk,0,-0.0809,0.0111,-1.3792,-0.0124,-0.0062,-0.0203,-0.0095,-0.008,0.0599,0.0105
5740049,674284986336,2016-06-08,3,F,SANTA TEREZA,13,1,0,0,0,0.3203,Medium Risk,1,0.1404,0.0117,0.6494,-0.0154,0.0045,-0.0086,-0.0094,-0.0013,-0.1219,-0.0347
5769077,45387813178,2016-06-03,56,F,GURIGICA,0,0,0,1,0,0.0508,Low Risk,0,-0.2546,-0.0447,-1.3679,-0.0151,0.0292,-0.0087,-0.0073,-0.0032,0.0487,0.0357
5711605,793332176485979,2016-06-03,65,M,CENTRO,15,0,0,0,0,0.2618,Medium Risk,0,-0.4483,-0.0092,0.6445,-0.0205,-0.0384,-0.0156,-0.0063,-0.0059,0.1057,0.0367
5727066,151627856538,2016-06-01,3,F,PARQUE MOSCOSO,11,0,0,0,0,0.445,High Risk,0,0.1696,-0.021,0.6926,-0.0055,0.0007,-0.0109,-0.007,-0.0018,0.1087,0.1714
5723462,85198329345524,2016-06-08,22,F,SANTO ANTÔNIO,18,1,0,0,0,0.3463,Medium Risk,0,0.3662,-0.0132,0.6255,-0.0192,0.0012,-0.0253,-0.0054,-0.0014,-0.0801,-0.1463
5784011,35298559333254,2016-06-07,37,F,MONTE BELO,0,0,0,0,0,0.0574,Low Risk,0,-0.0528,-0.0584,-1.4845,-0.0162,-0.0114,-0.0079,-0.0083,-0.0034,0.0446,-0.0114
5723770,351448897538362,2016-06-06,41,F,CENTRO,16,1,0,0,0,0.3256,Medium Risk,0,0.0803,-0.0119,0.6458,-0.0219,0.0058,-0.0042,-0.0084,-0.0018,-0.1005,0.0007
5774611,784877578794,2016-06-06,56,F,CENTRO,0,0,0,0,0,0.0574,Low Risk,0,-0.2463,-0.021,-1.2911,-0.0142,-0.0137,-0.0079,-0.0078,-0.0041,0.047,0.0476
5708714,9436151747762,2016-06-03,61,M,BENTO FERREIRA,16,1,0,0,0,0.24,Medium Risk,0,-0.3591,0.0047,0.5904,-0.0158,-0.0344,-0.0085,-0.0052,-0.0018,-0.1054,0.0876
5725709,61824186778179,2016-06-07,71,F,BENTO FERREIRA,17,1,0,1,0,0.2534,Medium Risk,0,-0.3308,-0.0092,0.6269,-0.0115,0.0125,-0.013,-0.0069,-0.0054,-0.1126,0.0443
5695724,89331594791976,2016-06-03,32,F,BENTO FERREIRA,20,1,0,0,0,0.3414,Medium Risk,1,0.1401,-0.027,0.5951,-0.0146,0.0032,-0.0038,-0.0054,-0.0016,-0.1043,-0.0073
5745587,1475986526793,2016-06-03,60,M,CENTRO,3,1,0,0,0,0.2022,Medium Risk,0,-0.3106,-0.0092,0.2296,-0.0201,-0.027,-0.009,-0.0069,-0.002,-0.0625,-0.0006
5722002,9245196572175,2016-06-01,41,M,CENTRO,11,1,0,0,0,0.3089,Medium Risk,0,0.0787,0.0223,0.5547,-0.0231,0.0051,-0.0043,-0.0055,-0.0018,-0.1025,-0.0144
5723358,81428285342615,2016-06-07,46,F,SANTA CLARA,17,0,0,0,0,0.3856,Medium Risk,0,-0.0622,-0.0197,0.7484,-0.0154,0.0036,-0.0068,-0.0059,-0.0013,0.1091,0.1211
5741822,4821115864239,2016-06-03,8,M,CRUZAMENTO,3,1,0,0,0,0.2304,Medium Risk,0,0.0122,0.0032,0.0918,-0.0245,0.0046,-0.0179,-0.0115,-0.0025,-0.0805,0.0024
5756789,125636946657,2016-06-08,14,M,MONTE BELO,6,0,0,0,0,0.3645,Medium Risk,0,0.4126,0.0385,0.266,-0.0227,0.0004,-0.0179,-0.0086,-0.0021,0.0657,0.099
5714626,1934661885814,2016-06-01,7,F,MONTE BELO,13,1,0,0,0,0.3129,Medium Risk,0,0.076,-0.0119,0.5614,-0.0213,0.0003,-0.0088,-0.0092,-0.0023,-0.114,0.045
5783606,9658254326952,2016-06-07,48,F,RESISTÊNCIA,0,0,0,0,0,0.0574,Low Risk,1,-0.0875,-0.0297,-1.4122,-0.0137,-0.004,-0.0086,-0.0075,-0.0044,0.0493,-0.1165
5782398,273874744467,2016-06-07,84,M,RESISTÊNCIA,0,0,0,1,0,0.0644,Low Risk,0,-0.385,0.0282,-1.3435,0.0481,0.0191,-0.0092,0.0054,0.3619,0.073,-0.1016
5752268,228394756265248,2016-06-02,63,F,JARDIM CAMBURI,1,0,0,0,0,0.1933,Low Risk,0,-0.4291,0.0073,0.1782,-0.0198,-0.0145,-0.0152,-0.0099,-0.0054,0.0586,0.0099
5752240,5596963488572,2016-06-02,57,F,JARDIM CAMBURI,1,0,0,0,0,0.2152,Medium Risk,1,-0.3114,-0.0012,0.1896,-0.0206,-0.0099,-0.009,-0.0109,-0.0016,0.0611,0.0036
5778220,5873356628189,2016-06-08,12,F,GRANDE VITÓRIA,1,0,0,0,0,0.3029,Medium Risk,0,0.3565,-0.0048,0.1418,-0.0202,0.005,-0.0181,-0.0199,-0.0039,0.0577,0.0219
5772337,678279363876924,2016-06-07,77,F,GOIABEIRAS,3,0,0,0,0,0.1997,Low Risk,0,-0.4832,0.0039,0.1998,0.0205,-0.0196,-0.0185,-0.0081,-0.0052,0.054,0.0006
5781652,966454817712879,2016-06-07,71,M,JESUS DE NAZARETH,0,0,0,0,1,0.0522,Low Risk,0,-0.4625,0.0469,-1.3929,-0.0079,-0.0315,0.1451,-0.0022,-0.0013,0.0503,0.0489
5766394,5935418315424,2016-06-06,5,M,PRAIA DO SUÁ,3,1,1,0,0,0.2809,Medium Risk,1,-0.0502,0.003,0.2165,0.1805,0.0049,-0.0181,-0.0157,0.0003,-0.0798,0.1132
5694091,1623494344167,2016-06-02,22,F,JOANA D´ARC,19,1,0,0,0,0.343,Medium Risk,1,0.3611,-0.0132,0.6328,-0.0166,0.0088,-0.0246,-0.0054,-0.0014,-0.081,-0.1609
5776375,6999244564669,2016-06-06,38,M,ANDORINHAS,0,0,0,0,0,0.0656,Low Risk,0,-0.0423,0.042,-1.4348,-0.0176,0.0013,-0.0078,-0.0049,-0.0037,0.0453,-0.0038
5761585,96333261384784,2016-06-06,69,F,CONQUISTA,3,1,0,1,0,0.1895,Low Risk,1,-0.4208,0.0005,0.2515,-0.0194,-0.011,-0.0125,-0.0099,-0.0049,-0.067,-0.0285
5784199,26313129179263,2016-06-07,29,F,MÁRIO CYPRESTE,0,0,0,0,0,0.0524,Low Risk,0,0.0826,0.0586,-1.5679,-0.0179,-0.005,-0.001,0.1372,-0.0027,0.0853,-0.3714
5741367,1181358563186,2016-06-01,39,F,ILHA DE SANTA MARIA,1,0,0,0,0,0.2334,Medium Risk,0,0.0327,-0.0108,0.1902,-0.0236,0.0062,-0.0065,-0.0115,-0.002,0.0582,-0.0241
5741362,599654948286,2016-06-01,63,F,SÃO JOSÉ,1,0,0,1,0,0.2255,Medium Risk,0,-0.365,-0.003,0.1408,-0.0222,0.0088,-0.0161,-0.0098,-0.0056,0.0533,0.1113
5761762,242697418763181,2016-06-08,65,F,SÃO JOSÉ,5,0,0,0,0,0.2024,Medium Risk,0,-0.4136,0.0046,0.2783,-0.0232,-0.0196,-0.0155,-0.0111,-0.0057,0.0817,0.0873
5786196,7625889692548,2016-06-08,8,F,REDENÇÃO,0,0,0,0,0,0.1051,Low Risk,0,0.3152,-0.0435,-1.1854,-0.0129,-0.004,-0.0242,-0.009,-0.0074,0.0553,0.0654
5722457,99172213358114,2016-06-02,41,F,ROMÃO,12,0,0,0,0,0.3578,Medium Risk,0,0.0499,-0.0107,0.6185,-0.0236,0.0057,-0.0067,-0.0104,-0.0021,0.0981,0.0072
5744839,68417667599779,2016-06-08,21,F,ROMÃO,8,1,0,0,0,0.3255,Medium Risk,0,0.3258,-0.0166,0.4149,-0.0198,0.0049,-0.0138,-0.0088,-0.002,-0.0517,-0.0449
5737208,44867478221486,2016-06-07,14,F,ROMÃO,12,1,0,0,0,0.338,Medium Risk,1,0.3618,-0.0093,0.4746,-0.0185,0.0046,-0.0087,-0.0092,-0.0023,-0.1105,-0.0245
5768483,83942656132195,2016-06-06,28,F,CRUZAMENTO,2,1,0,0,0,0.2606,Medium Risk,1,0.2166,-0.0132,0.222,-0.0258,0.005,-0.0168,-0.0094,-0.0018,-0.071,0.0681
5775555,2164864992625,2016-06-08,80,M,ROMÃO,1,0,0,1,0,0.2024,Medium Risk,0,-0.2926,0.0057,0.1743,0.029,0.0193,-0.02,0.0041,-0.0063,0.0551,0.0057
5599388,692338761738,2016-06-06,42,F,FORTE SÃO JOÃO,47,1,0,0,0,0.2083,Medium Risk,1,0.0529,-0.0094,0.4974,-0.0266,0.0039,-0.0019,-0.0061,-0.0081,-0.1383,-0.2835
5726248,9943728829,2016-06-03,11,F,CRUZAMENTO,13,1,0,0,0,0.2933,Medium Risk,0,-0.0044,-0.0014,0.5118,-0.0221,0.0046,-0.0088,-0.0092,-0.0024,-0.111,0.0237
5745892,68322139652178,2016-06-06,14,F,FORTE SÃO JOÃO,6,1,0,0,0,0.2778,Medium Risk,0,0.3656,-0.0086,0.3324,-0.0202,0.0069,-0.0185,-0.0077,-0.0013,-0.0741,-0.1786
5768710,6425794174599,2016-06-03,74,F,FORTE SÃO JOÃO,0,0,0,1,1,0.0508,Low Risk,0,-0.4233,-0.0118,-1.2239,0.003,-0.0127,0.1377,-0.0021,-0.0035,0.0575,-0.1076
5743400,41635548759737,2016-06-03,48,F,CRUZAMENTO,3,1,0,0,0,0.2255,Medium Risk,0,-0.1024,-0.0108,0.2425,-0.0274,-0.0024,-0.0054,-0.0099,-0.0017,-0.0664,0.009
5786805,99258635572383,2016-06-08,16,M,FORTE SÃO JOÃO,0,0,0,0,0,0.1926,Low Risk,0,0.6465,0.0913,-1.0725,-0.0121,-0.0042,-0.0229,-0.0025,-0.0053,0.0578,-0.0664
5718271,53634283523788,2016-06-01,78,F,ROMÃO,12,1,0,1,0,0.2366,Medium Risk,1,-0.2972,-0.0014,0.5419,0.0317,0.0106,-0.0166,-0.003,-0.0056,-0.1126,0.0435
5785908,1686856211311,2016-06-08,56,F,ROMÃO,0,0,0,0,1,0.0574,Low Risk,0,-0.3181,-0.0191,-1.3046,-0.0136,-0.0221,0.127,-0.0065,-0.0038,0.0548,0.0339
5733123,178977425897511,2016-06-02,44,M,ROMÃO,8,1,0,0,0,0.2968,Medium Risk,0,0.0987,0.0215,0.4104,-0.0221,-0.0002,-0.0041,-0.0062,-0.0018,-0.0835,-0.0331
5787545,66114135656,2016-06-08,15,F,ROMÃO,0,0,0,0,0,0.1127,Low Risk,0,0.5464,-0.0663,-1.1986,-0.0119,-0.0055,-0.0189,-0.0078,-0.0089,0.0523,0.0433
5731914,596859733813,2016-06-07,4,F,DE LOURDES,13,1,0,0,0,0.3034,Medium Risk,1,0.3075,0.0114,0.6282,-0.0185,0.0081,-0.006,-0.0065,-0.001,-0.098,-0.3565
5679232,688514596922617,2016-06-06,9,F,CRUZAMENTO,26,0,0,0,0,0.425,High Risk,0,0.2325,-0.0106,0.701,-0.0225,0.0101,-0.0154,-0.0094,-0.0044,0.1159,0.0355
5774490,526971719155595,2016-06-06,5,F,SANTO ANDRÉ,0,0,0,0,0,0.0574,Low Risk,0,-0.0732,-0.0094,-1.4256,-0.015,-0.0057,-0.0195,-0.0089,-0.0096,0.048,0.0432
5734991,98212598759672,2016-06-06,1,F,SÃO JOSÉ,12,1,0,0,0,0.349,Medium Risk,0,0.0987,-0.0053,0.6217,-0.014,0.0045,-0.0087,-0.0095,-0.0023,-0.1038,0.0971
5681753,19529572127623,2016-06-07,42,F,REPÚBLICA,27,0,0,1,0,0.2989,Medium Risk,0,0.0218,-0.0109,0.6299,-0.023,-0.0664,-0.0027,-0.007,-0.0013,0.0923,-0.1973
5772682,96235868196478,2016-06-07,47,M,MARIA ORTIZ,3,1,0,0,0,0.2255,Medium Risk,0,-0.0916,0.023,0.2501,-0.0265,0.0002,-0.0055,-0.0067,-0.0017,-0.0694,-0.0105
5746739,175523963574,2016-06-02,31,M,BONFIM,2,1,0,0,0,0.2652,Medium Risk,0,0.145,0.0215,0.247,-0.0201,0.0048,-0.0075,-0.0044,-0.0016,-0.0747,0.013
5666899,4293263464763,2016-06-03,60,F,MARUÍPE,27,1,0,0,0,0.2374,Medium Risk,0,-0.3358,0.0031,0.5938,-0.0219,-0.0224,-0.0092,-0.0081,-0.0019,-0.1065,0.0557
5760648,649465178146476,2016-06-03,5,F,ILHA DO PRÍNCIPE,1,0,0,0,0,0.2567,Medium Risk,0,0.0234,-0.0127,0.1772,-0.0034,0.0012,-0.0181,-0.0074,-0.0019,0.0612,0.1787
5743566,2241425148164,2016-06-03,40,F,ENSEADA DO SUÁ,3,1,0,0,0,0.2798,Medium Risk,0,0.0328,-0.0194,0.2874,-0.019,0.0023,-0.0056,-0.0104,-0.0016,-0.0631,0.0967
5760376,83227993866363,2016-06-03,82,F,REPÚBLICA,1,0,0,1,0,0.1706,Low Risk,0,-0.399,-0.0023,0.2186,0.0299,-0.0116,-0.0198,0.0066,-0.0055,0.0632,-0.2079
5760396,6412436582652,2016-06-03,61,M,SÃO PEDRO,1,0,0,0,0,0.2255,Medium Risk,0,-0.3204,-0.0104,0.1273,-0.0215,-0.0321,-0.0126,-0.007,-0.0021,0.0517,0.1312
5766444,94336536145654,2016-06-06,59,F,MARIA ORTIZ,3,1,0,0,0,0.206,Medium Risk,0,-0.2759,0.0014,0.2634,-0.0257,-0.0152,-0.0067,-0.0102,-0.0017,-0.0633,0.0058
5778268,457917438728341,2016-06-08,52,F,SANTO ANTÔNIO,1,0,0,1,0,0.2152,Medium Risk,0,-0.1899,-0.0106,0.2103,-0.0254,-0.0265,-0.0064,-0.0077,-0.0016,0.066,-0.1116
5761047,885983187639623,2016-06-06,1,F,JOANA D´ARC,4,1,0,0,0,0.2671,Medium Risk,1,0.1283,0.014,0.4062,-0.014,0.0068,-0.0194,-0.0085,-0.0009,-0.0817,-0.0439
5140463,36177613734693,2016-06-01,70,F,MARUÍPE,175,1,0,0,0,0.0973,Low Risk,0,-0.7275,-0.0131,-0.9517,-0.0331,-0.0053,-0.0156,-0.0083,-0.0102,-0.1349,-0.1718
5706459,467375223225329,2016-06-08,82,F,SANTA CECÍLIA,21,0,0,1,0,0.36,Medium Risk,0,-0.309,0.0055,0.8662,0.0377,0.0099,-0.0214,-0.0002,-0.0029,0.0889,0.4493
5755721,794143214115576,2016-06-08,64,F,SÃO CRISTÓVÃO,6,1,0,1,1,0.1994,Low Risk,0,-0.3604,0.0002,0.2955,-0.0194,-0.0099,0.1152,-0.0087,-0.0022,-0.104,-0.0547
5236537,6527515453397,2016-06-01,53,M,MARUÍPE,141,1,0,1,0,0.2931,Medium Risk,1,-0.0621,0.0219,0.3559,-0.0342,0.05,-0.0099,-0.0034,-0.0032,-0.1468,0.2647
5662567,27581166958824,2016-06-08,3,F,MARUÍPE,33,1,0,0,0,0.3526,Medium Risk,1,0.1739,0.0026,0.8621,-0.019,0.0068,-0.0129,-0.0092,-0.0028,-0.1145,0.0358
5768094,1513671624175,2016-06-03,48,F,SANTOS DUMONT,0,0,0,1,0,0.2091,Medium Risk,0,0.1135,-0.054,-1.0193,-0.0103,0.0052,-0.0091,-0.0037,0.0016,0.0501,0.8278
5784775,41858854284487,2016-06-07,19,F,MARUÍPE,0,0,0,0,0,0.1027,Low Risk,0,0.3318,-0.0669,-1.2994,-0.0152,-0.0055,-0.0195,-0.0075,-0.0053,0.0409,0.0234
5783083,25822359934975,2016-06-07,23,F,SANTOS DUMONT,0,0,1,0,0,0.0656,Low Risk,0,0.0552,-0.0803,-1.3825,0.0305,-0.0151,-0.0196,-0.0049,-0.0006,0.0483,0.3294
5740672,84327572685994,2016-06-01,21,F,TABUAZEIRO,6,1,1,0,0,0.343,Medium Risk,1,0.354,-0.0126,0.4335,0.1683,0.0073,-0.0202,-0.0115,-0.0015,-0.0527,-0.1195
5774111,154925943849719,2016-06-08,11,F,SÃO BENEDITO,1,0,1,0,0,0.2761,Medium Risk,1,0.0038,-0.0002,0.0939,0.1724,0.0053,-0.0183,-0.0164,-0.0016,0.0694,-0.0115
5767120,843884544165273,2016-06-03,46,M,JOANA D´ARC,0,0,0,0,0,0.0574,Low Risk,1,-0.1375,0.0366,-1.325,-0.0132,-0.0006,-0.006,-0.0019,-0.003,0.0566,-0.1176
5789044,327161365258342,2016-06-08,42,F,SANTA MARTHA,0,0,0,0,0,0.0428,Low Risk,0,0.016,0.0207,-1.6498,-0.018,0.0053,0.0033,0.1392,-0.0033,0.086,-0.5149
5758561,6889995123865,2016-06-01,0,F,JOANA D´ARC,0,0,0,0,0,0.0708,Low Risk,0,0.0242,-0.0039,-1.3191,0.0031,-0.004,-0.0234,-0.0058,-0.0028,0.0622,0.0982
5757662,4332196266139,2016-06-08,82,F,JOANA D´ARC,6,1,0,1,0,0.1839,Low Risk,0,-0.4311,-0.0016,0.3671,0.031,-0.0129,-0.0164,0.006,-0.0052,-0.0911,-0.2113
5759570,224242156429916,2016-06-01,15,F,RESISTÊNCIA,0,0,0,0,0,0.089,Low Risk,0,0.5481,-0.0735,-1.2833,-0.0126,-0.0055,-0.0195,-0.008,-0.0089,0.045,-0.114
5755913,687938518946484,2016-06-01,40,F,RESISTÊNCIA,0,0,0,0,0,0.0574,Low Risk,0,-0.0502,-0.0297,-1.4767,-0.0139,0.0017,-0.0088,-0.0089,-0.0043,0.0435,-0.1058
5784007,73346686981988,2016-06-07,19,F,RESISTÊNCIA,0,0,0,0,0,0.0805,Low Risk,0,0.3497,-0.0725,-1.3702,-0.0127,-0.0055,-0.0195,-0.0075,-0.0053,0.0408,-0.1269
5747644,4191767656446,2016-06-02,64,F,JARDIM CAMBURI,2,0,0,1,0,0.1994,Low Risk,0,-0.3305,-0.0005,0.1839,-0.0059,-0.0065,-0.0121,-0.0051,0.0962,0.0646,-0.018
5764095,423662143881,2016-06-02,40,F,DA PENHA,0,0,0,0,0,0.0574,Low Risk,0,-0.0398,-0.0241,-1.4038,-0.018,0.0017,-0.0088,-0.0089,-0.0042,0.0429,0.1016
5780229,38582612135683,2016-06-07,26,F,FORTE SÃO JOÃO,0,0,1,0,1,0.1546,Low Risk,0,0.4045,-0.0236,-1.3615,0.1408,-0.0046,0.4035,-0.002,-0.0017,0.0533,-0.0265
5748857,9598166515957,2016-06-07,36,F,FORTE SÃO JOÃO,6,1,0,0,0,0.2366,Medium Risk,1,0.0327,-0.0075,0.4034,-0.0245,0.0073,-0.0015,-0.0095,-0.0012,-0.0705,-0.1728
5748840,61732292418153,2016-06-06,69,F,FORTE SÃO JOÃO,5,1,0,0,0,0.1801,Low Risk,0,-0.4476,0.0067,0.3904,-0.0206,-0.0098,-0.0103,-0.0077,-0.0049,-0.0888,-0.1248
5748890,144637639385664,2016-06-02,66,M,SÃO JOSÉ,1,0,0,0,0,0.206,Medium Risk,0,-0.4502,-0.0102,0.1349,-0.0214,-0.0321,-0.0157,-0.0067,-0.0056,0.0517,0.0977
5762481,219528368415,2016-06-06,42,F,SANTA MARTHA,3,1,0,0,0,0.2412,Medium Risk,0,0.0638,-0.0122,0.3508,-0.0269,0.004,-0.0039,-0.0072,-0.0017,-0.0135,-0.17
5762457,793888772124643,2016-06-06,35,M,MARIA ORTIZ,3,1,0,0,0,0.2562,Medium Risk,0,0.0865,0.023,0.2489,-0.0278,0.005,-0.0048,-0.0051,-0.0017,-0.0652,0.0152
5767646,427581952897615,2016-06-07,66,M,DO MOSCOSO,3,1,0,1,1,0.2183,Medium Risk,0,-0.4002,-0.0292,0.3047,-0.0257,0.0055,0.0953,0.1459,-0.0014,-0.092,0.0726
5776045,189142468884132,2016-06-08,16,F,REPÚBLICA,1,0,0,0,1,0.3973,Medium Risk,1,0.6031,-0.0197,0.1439,-0.0216,0.0056,0.3222,-0.0034,-0.0012,0.0602,-0.0389
5763653,5691262554699,2016-06-02,11,M,ROMÃO,0,0,0,0,0,0.1237,Low Risk,0,0.335,0.0688,-1.0861,-0.0122,-0.0059,-0.0203,-0.0093,-0.0099,0.0605,0.0051
5741744,945362263514951,2016-06-02,37,F,JARDIM DA PENHA,2,1,0,0,0,0.1815,Low Risk,0,0.0113,-0.0123,0.2674,-0.0254,0.0072,-0.0033,-0.0088,-0.0013,-0.1036,-0.3102
5768389,723881779411235,2016-06-03,22,F,SANTA MARTHA,0,0,0,0,0,0.0524,Low Risk,1,0.3067,-0.0455,-1.5645,-0.0134,-0.005,-0.0128,-0.0044,-0.0037,0.0971,-0.4399
5548125,6828215347436,2016-06-03,57,F,JOANA D´ARC,57,1,0,0,0,0.1249,Low Risk,1,-0.3971,-0.0014,0.167,-0.0257,-0.0248,-0.0124,-0.0054,-0.0081,-0.1878,-0.4273
5788386,6783189533666,2016-06-08,6,F,SÃO PEDRO,0,0,0,0,0,0.0729,Low Risk,0,-0.1045,-0.0124,-1.3083,-0.0138,-0.0057,-0.0194,-0.0084,-0.008,0.0481,0.2478
5786856,991398251912,2016-06-08,53,F,SANTA MARTHA,0,0,0,0,0,0.0368,Low Risk,0,-0.3049,-0.0273,-1.5898,-0.0153,0.0069,-0.0036,-0.0046,-0.0043,0.0832,-0.6554
5529777,7998276278,2016-06-01,54,F,SANTA MARTHA,61,1,0,1,1,0.1443,Low Risk,0,-0.4035,-0.0212,0.1937,-0.0344,0.0027,0.0462,-0.0024,-0.0083,-0.1574,-0.5453
5749374,32624693174,2016-06-06,32,M,SANTA MARTHA,5,1,0,1,1,0.2304,Medium Risk,1,0.0329,0.0263,0.4867,-0.0252,-0.0911,-0.0045,-0.003,-0.0015,-0.0498,-0.1628
5572507,37935715664325,2016-06-06,56,M,SANTA MARTHA,54,1,0,0,0,0.1525,Low Risk,0,-0.3656,0.0393,0.6524,-0.0268,0.0009,-0.0046,-0.0034,-0.0083,-0.1219,-0.3355
5759919,282933673151246,2016-06-02,57,F,SANTO ANTÔNIO,0,0,0,1,1,0.0549,Low Risk,0,-0.3562,-0.0129,-1.2629,-0.0166,-0.0109,0.0987,-0.0015,-0.0027,0.0533,-0.0562
5717496,791442793479794,2016-06-02,5,M,SÃO JOSÉ,13,1,0,0,0,0.3029,Medium Risk,0,-0.001,0.0021,0.5823,-0.0203,0.0038,-0.0104,-0.0104,-0.0023,-0.1167,0.1047
5704472,32887177185,2016-06-03,17,F,REPÚBLICA,17,1,0,0,0,0.3179,Medium Risk,0,0.4181,-0.0117,0.5261,-0.0167,0.0063,-0.0147,-0.0063,-0.0012,-0.114,-0.1643
5763082,99679785292,2016-06-02,2,M,SANTO ANDRÉ,0,0,0,0,0,0.0435,Low Risk,1,-0.2915,0.0161,-1.5653,0.0018,-0.0062,-0.0209,-0.0093,-0.0087,0.0465,-0.0345
5569808,2891187993456,2016-06-03,54,F,ILHA DE SANTA MARIA,51,1,0,0,0,0.2084,Medium Risk,0,-0.2843,-0.0119,0.5396,-0.0252,-0.0046,-0.0079,-0.0078,-0.0019,-0.1418,-0.0059
5720240,484917791273239,2016-06-07,66,F,SANTA MARTHA,18,1,0,1,1,0.2169,Medium Risk,0,-0.372,-0.0043,0.796,-0.0255,-0.0136,0.1521,-0.0012,-0.0028,-0.0925,-0.2184
5761393,822145925426128,2016-06-01,38,M,REDENÇÃO,0,0,0,0,0,0.0522,Low Risk,0,-0.0957,0.0392,-1.39,-0.0131,0.0027,-0.0059,-0.0045,-0.0031,0.049,-0.0018
5659757,98113111845629,2016-06-02,28,F,JESUS DE NAZARETH,28,0,0,0,0,0.446,High Risk,1,0.2252,-0.0387,0.7481,-0.022,0.01,-0.0115,0.193,-0.0012,0.106,0.1343
5668795,44731953664245,2016-06-03,17,F,RESISTÊNCIA,27,0,0,0,0,0.4003,High Risk,1,0.394,-0.0203,0.6601,-0.0166,0.0101,-0.0155,-0.0093,-0.0018,0.1045,-0.0349
5691472,387297974291,2016-06-03,20,M,JESUS DE NAZARETH,21,0,0,0,0,0.4765,High Risk,0,0.3475,0.0559,0.8205,-0.0082,0.0063,-0.017,-0.0058,-0.0008,0.0798,0.306
5668136,372424192774,2016-06-02,6,F,JESUS DE NAZARETH,26,1,0,0,0,0.3846,Medium Risk,1,0.1066,-0.0034,0.7979,-0.0061,0.01,-0.0129,-0.0057,-0.0016,-0.1209,0.2114
5665714,75452328618852,2016-06-01,34,M,JESUS DE NAZARETH,26,1,0,0,0,0.382,Medium Risk,1,0.1154,0.0365,0.7239,-0.0131,0.0102,-0.0033,-0.0026,-0.001,-0.1084,0.2384
5698825,33756886597668,2016-06-08,39,F,JESUS DE NAZARETH,22,0,0,0,0,0.4547,High Risk,1,0.0576,-0.0217,0.9235,-0.0146,0.0081,-0.0057,-0.0073,-0.0013,0.0902,0.3004
5684773,125295374232288,2016-06-08,6,F,JESUS DE NAZARETH,27,0,1,0,0,0.3901,Medium Risk,0,0.093,-0.0096,0.84,0.0651,0.0103,-0.0156,-0.0106,-0.0025,0.1117,0.1141
5774202,5844778238332,2016-06-06,63,M,JESUS DE NAZARETH,0,0,0,0,0,0.0508,Low Risk,0,-0.4658,0.0463,-1.3461,-0.0084,-0.0232,-0.0111,-0.003,-0.004,0.0439,0.0608
5670673,73121714815534,2016-06-06,33,M,ANDORINHAS,30,1,0,0,1,0.399,Medium Risk,1,0.1535,0.034,0.6237,-0.0198,0.0189,0.0861,-0.0033,-0.0006,-0.1141,0.0771
5691408,977591618532826,2016-06-06,58,F,ANDORINHAS,24,0,1,1,1,0.446,High Risk,0,-0.2065,-0.0072,1.0097,0.2161,-0.0001,0.1304,-0.0096,0.0016,0.1398,0.0839
5676390,76719171219188,2016-06-07,28,F,ANDORINHAS,28,1,0,0,0,0.3723,Medium Risk,0,0.2192,-0.0132,0.6749,-0.0196,0.0102,-0.0152,-0.0078,-0.0018,-0.0935,0.0683
5674876,9566959481263,2016-06-07,64,F,ANDORINHAS,28,0,0,0,0,0.2531,Medium Risk,0,-0.5324,0.0038,0.564,-0.0236,-0.0234,-0.0166,-0.0085,-0.0056,0.0795,0.0563
5681874,542924198965,2016-06-01,44,M,ANDORINHAS,21,1,1,0,0,0.4273,High Risk,1,0.1455,0.0159,0.7778,0.1958,0.0023,-0.0044,-0.0075,0.0008,-0.105,0.0861
5681989,71147751789261,2016-06-01,35,F,JARDIM CAMBURI,21,1,0,0,0,0.3308,Medium Risk,0,0.0768,-0.0111,0.7279,-0.0192,0.0088,-0.0031,-0.006,-0.0013,-0.1065,-0.0307
5669408,992835957696,2016-06-01,60,M,ANDORINHAS,25,0,0,1,0,0.3723,Medium Risk,0,-0.2521,0.0168,0.9603,-0.022,0.0183,-0.014,-0.0066,-0.0013,0.1058,0.0705
5675926,3344177392234,2016-06-08,56,M,ITARARÉ,29,1,0,0,0,0.2619,Medium Risk,0,-0.2773,0.0279,0.3995,-0.0147,-0.0133,-0.0062,-0.0061,0.0009,-0.1025,0.2084
5766492,546492274246,2016-06-02,64,M,BELA VISTA,0,0,0,1,0,0.0587,Low Risk,0,-0.3836,0.0129,-1.2245,-0.0129,0.0036,-0.0115,-0.003,-0.0065,0.051,0.0091
5624285,7313668294241,2016-06-02,35,F,MARIA ORTIZ,36,1,0,0,0,0.3723,Medium Risk,0,0.1026,-0.0176,0.7236,-0.0278,0.0073,-0.0033,-0.0063,-0.0017,-0.114,0.0615
5624433,21537799742383,2016-06-01,59,F,MARIA ORTIZ,35,1,0,0,0,0.2562,Medium Risk,0,-0.319,-0.0054,0.6544,-0.027,-0.0222,-0.007,-0.0075,-0.0016,-0.119,0.0656
5675695,4193457719211,2016-06-06,63,M,MARIA ORTIZ,27,1,0,0,0,0.2036,Medium Risk,0,-0.5364,-0.0068,0.5742,-0.0211,-0.0309,-0.0125,-0.0051,-0.0053,-0.0602,0.0418
5669358,69236112222713,2016-06-02,18,F,SANTO ANDRÉ,26,1,0,0,0,0.382,Medium Risk,0,0.3243,-0.0159,0.6569,-0.0181,0.0102,-0.013,-0.0078,-0.0015,-0.0811,0.0411
5659622,6959979853231,2016-06-01,42,F,SANTO ANDRÉ,27,0,0,1,0,0.4005,High Risk,0,0.0509,-0.0144,0.6836,-0.0237,-0.06,-0.0051,-0.0094,-0.0019,0.0894,0.0759
5667715,4796113743817,2016-06-01,2,M,SÃO JOSÉ,25,1,0,0,0,0.4195,High Risk,0,0.107,0.0138,0.9388,0.0038,0.0068,-0.0145,-0.0083,-0.0021,-0.1199,0.0964
5748764,54196196563589,2016-06-08,17,M,SANTO ANDRÉ,7,0,1,0,0,0.3898,Medium Risk,0,0.4223,0.03,0.3525,0.1924,0.0047,-0.0181,-0.0128,0.0007,0.0834,0.0263
5767893,5159788318366,2016-06-07,73,F,CENTRO,3,1,0,0,0,0.1895,Low Risk,0,-0.4704,0.0028,0.2453,0.0303,-0.0191,-0.0163,-0.011,-0.0055,-0.0619,0.0169
5762224,43944454925911,2016-06-06,59,F,MÁRIO CYPRESTE,3,1,0,1,0,0.2244,Medium Risk,0,-0.2006,-0.0009,0.3684,-0.0237,-0.0158,0.0022,-0.0075,-0.0013,-0.0238,-0.0177
5767717,65379568149574,2016-06-03,55,F,REDENÇÃO,0,0,0,1,1,0.0574,Low Risk,0,-0.2981,-0.0203,-1.2969,-0.014,-0.0233,0.1117,-0.0063,-0.0027,0.0518,-0.0029
5651220,796565388144,2016-06-02,28,F,SANTO ANDRÉ,29,1,0,0,0,0.3673,Medium Risk,0,0.199,-0.0129,0.6074,-0.0193,0.0069,-0.0152,-0.0088,-0.0009,-0.0913,0.1363
5762811,95332789523636,2016-06-02,30,M,SÃO JOSÉ,0,0,0,0,0,0.1191,Low Risk,0,0.1241,0.0464,-1.2542,-0.0139,-0.0055,-0.0103,-0.0015,-0.0044,0.0464,0.2754
5664975,2457655664514,2016-06-08,42,M,SANTO ANDRÉ,33,1,0,0,0,0.3908,Medium Risk,0,0.1119,-0.0086,0.7672,-0.0299,0.0025,-0.0012,0.1919,-0.0007,-0.1172,0.1064
5755149,43211225621313,2016-06-08,42,F,SANTO ANDRÉ,6,1,1,0,0,0.3372,Medium Risk,0,0.1037,-0.0088,0.3804,0.2304,0.0017,-0.0046,-0.0143,0.0008,-0.0634,0.0674
5755043,955637514561444,2016-06-06,49,F,SANTO ANDRÉ,4,1,0,0,0,0.2304,Medium Risk,0,-0.1123,-0.0105,0.3125,-0.0255,-0.0018,-0.005,-0.0109,-0.0018,-0.0855,0.0071
5775134,17189127837341,2016-06-06,71,F,GURIGICA,0,0,0,0,0,0.0458,Low Risk,0,-0.2939,-0.0285,-1.3631,-0.0137,-0.0219,-0.011,-0.0067,-0.0068,0.0481,-0.0016
5704849,6373858811639,2016-06-03,21,F,CARATOÍRA,17,0,1,0,0,0.4282,High Risk,0,0.2671,-0.0288,0.7106,0.0756,0.0011,-0.0118,-0.0094,-0.0014,0.0813,0.1351
5697296,44532696676442,2016-06-01,20,F,CARATOÍRA,18,0,0,0,0,0.4486,High Risk,1,0.3165,-0.0339,0.7237,-0.0087,-0.0043,-0.0192,-0.0055,-0.0009,0.0792,0.2102
5691545,853651543597945,2016-06-01,9,F,CARATOÍRA,19,0,0,0,0,0.4282,High Risk,0,0.2316,-0.0255,0.7091,-0.0116,0.0032,-0.0192,-0.0065,-0.0038,0.1135,0.1867
5700846,73443681251382,2016-06-02,6,M,CARATOÍRA,16,0,0,0,0,0.4088,High Risk,1,0.0203,0.017,0.7002,-0.0046,0.0002,-0.0128,-0.0106,-0.0019,0.1133,0.2216
5691498,37665383717553,2016-06-01,28,F,ARIOVALDO FAVALESSA,19,0,0,0,0,0.3362,Medium Risk,1,0.1733,-0.0118,0.7181,-0.0197,0.0087,-0.0247,-0.0069,-0.0016,0.0987,-0.2312
5649909,146313659643818,2016-06-03,44,F,SANTA TEREZA,30,1,1,0,0,0.3651,Medium Risk,0,0.1185,-0.0091,0.6615,0.1935,0.0029,-0.0043,-0.0111,0.0018,-0.1064,-0.0278
5771166,183752113839384,2016-06-03,75,F,CARATOÍRA,0,0,0,1,0,0.042,Low Risk,0,-0.4771,-0.043,-1.3893,0.032,0.0295,-0.0142,-0.0039,-0.0037,0.0462,0.0404
5649592,51429353529857,2016-06-02,24,F,VILA RUBIM,29,1,0,0,0,0.2374,Medium Risk,0,0.2952,-0.0156,0.4368,-0.017,0.0088,-0.0134,-0.0065,-0.0003,-0.0882,-0.4912
5759404,85244781425972,2016-06-02,69,F,DO CABRAL,0,0,0,1,1,0.0508,Low Risk,0,-0.3056,-0.0164,-1.2758,-0.015,-0.0302,0.1223,-0.0019,-0.0036,0.0558,-0.1747
5771354,653745118443,2016-06-07,33,F,CARATOÍRA,3,1,1,0,0,0.3414,Medium Risk,0,0.134,-0.018,0.3332,0.0914,0.0024,-0.0074,-0.0075,-0.0013,-0.0648,0.116
5778579,538291914159288,2016-06-06,21,F,ITARARÉ,0,0,1,0,0,0.0805,Low Risk,0,0.2077,-0.0863,-1.5429,0.0493,-0.0098,-0.0194,-0.0049,-0.0006,0.042,0.0833
5767914,997489611337,2016-06-06,20,F,CONSOLAÇÃO,2,1,0,0,0,0.2276,Medium Risk,0,0.3555,-0.0178,0.1596,-0.0208,0.0068,-0.0231,-0.007,-0.0011,-0.0976,-0.1188
5759344,32942821312217,2016-06-06,40,F,HORTO,4,1,0,0,0,0.3224,Medium Risk,0,0.0594,-0.0159,0.4006,-0.0155,0.0069,-0.0048,-0.0084,0.0024,-0.0689,0.2716
5761306,88979515942584,2016-06-02,68,F,CONSOLAÇÃO,0,0,0,0,0,0.0524,Low Risk,1,-0.3168,-0.0042,-1.2889,-0.0151,-0.0062,-0.0124,-0.0048,-0.0065,0.0512,-0.1154
5734784,3877537868536,2016-06-07,17,F,SÃO BENEDITO,13,0,0,0,0,0.3918,Medium Risk,0,0.3619,-0.0172,0.566,-0.0193,0.0045,-0.0112,-0.0099,-0.002,0.1103,-0.0208
5652360,77696853284,2016-06-07,17,F,SÃO BENEDITO,34,0,0,0,0,0.4229,High Risk,0,0.3772,-0.0189,0.775,-0.0242,0.0068,-0.0175,-0.01,-0.0019,0.1314,0.0066
5717128,971317257198431,2016-06-03,25,M,ANDORINHAS,14,0,0,0,0,0.4273,High Risk,1,0.3107,0.0349,0.6754,-0.0199,0.0036,-0.013,-0.0066,-0.002,0.0808,0.0422
5788846,7176128677891,2016-06-08,37,F,GURIGICA,0,0,0,0,0,0.0522,Low Risk,0,-0.0457,-0.0562,-1.4928,-0.0152,-0.0114,-0.0079,-0.0083,-0.0034,0.0463,0.0301
5653575,15689764383892,2016-06-01,1,M,GURIGICA,28,1,0,0,0,0.3614,Medium Risk,1,0.1723,0.0211,0.7416,0.0034,0.0055,-0.0145,-0.0089,-0.0021,-0.1158,0.1191
5661517,7926992975682,2016-06-07,17,F,GURIGICA,32,1,0,0,0,0.3804,Medium Risk,0,0.3947,-0.0238,0.6295,-0.0215,0.0027,-0.013,-0.0085,-0.0015,-0.1171,0.0792
5779679,22343367874824,2016-06-07,69,F,GURIGICA,0,0,0,0,0,0.0458,Low Risk,0,-0.4119,-0.0284,-1.3622,-0.0151,-0.0219,-0.0111,-0.0067,-0.0068,0.0481,0.0258
5715651,2526227629262,2016-06-06,40,F,SÃO BENEDITO,18,0,0,0,0,0.399,Medium Risk,1,0.001,-0.0125,0.7526,-0.0062,0.0006,-0.01,-0.0085,0.0552,0.1023,0.0262
5780868,937255446268297,2016-06-07,3,M,CONQUISTA,0,0,0,0,0,0.0586,Low Risk,0,-0.1934,0.0084,-1.5096,-0.0071,-0.0047,-0.0162,-0.0094,-0.0065,0.0608,0.0381
5782223,8479568169954,2016-06-07,0,M,CONQUISTA,0,0,0,0,0,0.0728,Low Risk,0,0.0186,0.0118,-1.3558,0.0046,-0.0047,-0.0162,-0.0094,-0.0065,0.0655,0.21
5780364,261132137516874,2016-06-07,14,F,NOVA PALESTINA,0,0,0,0,0,0.1539,Low Risk,0,0.5718,-0.0653,-1.1831,-0.0122,-0.004,-0.0241,-0.0061,-0.0078,0.0512,0.0975
5709650,63619141123377,2016-06-07,21,M,GURIGICA,20,1,1,0,0,0.407,High Risk,1,0.3234,0.0421,0.5373,0.1495,0.0028,-0.0149,-0.0096,0.0009,-0.0934,0.0609
5706254,72224689994736,2016-06-06,10,M,GURIGICA,19,1,1,0,0,0.3614,Medium Risk,0,0.1315,0.0146,0.5735,0.1528,0.0028,-0.0186,-0.0128,0.0001,-0.1385,0.116
5734886,1484143378533,2016-06-01,56,F,GRANDE VITÓRIA,7,1,0,1,0,0.2121,Medium Risk,0,-0.2601,-0.0082,0.387,-0.0199,0.0009,-0.0069,-0.0118,-0.0018,-0.0889,0.0131
5776631,4239363113769,2016-06-08,47,F,SANTO ANDRÉ,1,0,0,0,0,0.2312,Medium Risk,0,-0.0904,-0.0125,0.1618,-0.0261,0.0006,-0.0073,-0.0106,-0.0026,0.0559,0.0077
5765213,1484143378533,2016-06-06,56,F,GRANDE VITÓRIA,3,1,0,1,0,0.206,Medium Risk,0,-0.2487,-0.0082,0.2468,-0.0202,0.0009,-0.0074,-0.0126,-0.0018,-0.0688,0.0144
5748503,63762937872964,2016-06-02,84,M,SÃO PEDRO,1,0,0,0,0,0.2304,Medium Risk,0,-0.4019,-0.0057,0.1535,0.0194,-0.0323,-0.0194,0.0037,-0.0052,0.051,0.2074
5767901,35888183629435,2016-06-07,81,M,SANTA MARTHA,3,1,0,0,0,0.0707,Low Risk,0,-1.0378,-0.0148,0.2355,0.017,-0.0146,-0.0266,-0.5336,0.0008,-0.0154,-0.2953
5763158,548284689473265,2016-06-06,61,F,SANTOS DUMONT,3,1,0,1,1,0.2281,Medium Risk,0,-0.1962,-0.006,0.0991,-0.0147,-0.0104,0.0823,-0.0052,0.0014,-0.0882,0.406
5757597,826388189741759,2016-06-01,41,M,DA PENHA,0,0,0,0,0,0.0724,Low Risk,0,-0.0353,-0.0116,-1.4724,-0.0211,0.0014,-0.0072,0.1092,-0.0041,0.0511,0.0926
5784330,121879983454,2016-06-08,56,F,CENTRO,0,0,0,1,0,0.0574,Low Risk,0,-0.2338,-0.0209,-1.2908,-0.014,0.0103,-0.0087,-0.0078,-0.0041,0.047,0.0575
5759795,8468613288842,2016-06-03,23,M,VILA RUBIM,1,0,0,0,0,0.2632,Medium Risk,0,0.3696,0.0428,0.1947,-0.0205,0.0059,-0.014,-0.0054,-0.0016,0.0671,-0.3585
5734805,66197353628,2016-06-01,24,M,GOIABEIRAS,7,1,0,0,0,0.3419,Medium Risk,0,0.3621,0.0316,0.4109,-0.0219,0.0046,-0.0156,-0.0062,-0.0019,-0.0506,0.0096
5765525,431395833283,2016-06-06,70,F,JARDIM CAMBURI,3,1,0,0,0,0.1895,Low Risk,0,-0.5244,0.0055,0.2758,-0.0196,-0.0132,-0.0118,-0.0099,-0.0083,-0.0525,-0.0158
5745647,228553541646274,2016-06-01,60,F,CENTRO,1,0,0,1,0,0.206,Medium Risk,0,-0.238,-0.0021,0.1622,-0.0211,0.0087,-0.0131,-0.0104,-0.0029,0.055,0.0268
5767071,8281418922995,2016-06-06,70,F,GOIABEIRAS,3,1,0,1,1,0.1933,Low Risk,0,-0.4505,-0.0006,0.2357,-0.0234,-0.0002,0.1221,-0.0088,-0.0062,-0.0837,-0.014
5767099,8968213379524,2016-06-06,25,F,JESUS DE NAZARETH,3,1,0,0,0,0.3598,Medium Risk,0,0.3236,-0.0224,0.3013,-0.0123,0.0052,-0.0165,-0.0058,-0.0009,-0.043,0.2132
5772688,7284371376175,2016-06-07,30,M,SÃO CRISTÓVÃO,3,1,0,1,0,0.2484,Medium Risk,0,0.1675,0.0257,0.2524,-0.02,-0.0585,-0.0053,-0.0041,-0.0015,-0.0583,-0.0215
5772683,566319663146618,2016-06-07,52,F,ITARARÉ,3,1,0,1,0,0.248,Medium Risk,0,-0.1208,-0.0154,0.2855,-0.0127,-0.0281,-0.0052,-0.0066,0.0013,-0.0641,0.3209
5767058,566185915442371,2016-06-06,52,F,ROMÃO,3,1,0,1,1,0.2064,Medium Risk,0,-0.1893,-0.01,0.224,-0.021,-0.0146,0.0902,-0.0095,-0.0017,-0.086,-0.0066
5774164,156776798971264,2016-06-06,42,F,SÃO BENEDITO,0,0,1,1,0,0.0661,Low Risk,0,-0.0465,-0.0212,-1.4706,0.1153,-0.0009,-0.007,-0.0093,-0.002,0.0482,-0.0008
5756115,68296845435437,2016-06-03,60,M,JARDIM CAMBURI,1,0,0,0,0,0.2152,Medium Risk,1,-0.3701,-0.0135,0.166,-0.0189,-0.0259,-0.0112,-0.0067,-0.0019,0.0582,-0.0144
5743567,55132622515474,2016-06-01,61,F,CONSOLAÇÃO,1,0,0,1,0,0.1924,Low Risk,0,-0.2738,-0.0005,0.1846,-0.0229,-0.0091,-0.0127,-0.008,-0.0018,0.0613,-0.1479
5741187,868254448669634,2016-06-02,40,F,SANTOS DUMONT,7,1,0,0,0,0.3458,Medium Risk,0,0.1025,-0.016,0.3426,-0.0124,0.0046,-0.0039,-0.0071,0.0013,-0.0687,0.4066
5694056,77591947362424,2016-06-02,68,F,GOIABEIRAS,19,1,0,1,0,0.259,Medium Risk,0,-0.4086,-0.002,0.6492,-0.0218,0.0095,-0.0167,-0.0078,-0.0055,-0.1094,0.0581
5748345,737877357373931,2016-06-07,52,M,TABUAZEIRO,7,0,0,0,0,0.2304,Medium Risk,0,-0.1822,0.0223,0.4227,-0.0231,0.0015,-0.0044,-0.0069,-0.0015,0.0939,-0.1782
5748242,5814447146972,2016-06-06,50,F,TABUAZEIRO,6,1,0,0,0,0.2024,Medium Risk,0,-0.2131,-0.0075,0.3877,-0.022,0.0008,0.0001,-0.0083,-0.0013,-0.0943,-0.1762
5748114,131487155245,2016-06-03,47,F,SANTOS DUMONT,3,0,0,0,0,0.3161,Medium Risk,1,-0.0402,-0.0178,0.1138,-0.014,0.0025,-0.0075,-0.0072,0.001,0.06,0.3946
5754791,312613248963889,2016-06-08,45,M,TABUAZEIRO,7,1,0,1,0,0.2255,Medium Risk,0,-0.1308,0.0173,0.4395,-0.0221,-0.0369,-0.001,-0.0053,-0.0013,-0.1089,-0.2125
5748320,71669968312611,2016-06-07,53,F,TABUAZEIRO,7,1,0,1,0,0.202,Medium Risk,0,-0.2307,-0.0079,0.4285,-0.0226,-0.0303,-0.0042,-0.007,-0.0013,-0.0995,-0.2028
5767859,599469782998,2016-06-07,58,F,JUCUTUQUARA,3,1,0,0,0,0.1924,Low Risk,1,-0.2796,0.0025,0.3034,-0.0216,-0.0063,-0.0065,-0.0085,-0.0012,-0.0611,-0.0823
5767856,73936641837,2016-06-07,62,M,SANTA MARTHA,3,1,0,1,0,0.1933,Low Risk,0,-0.2995,0.0059,0.363,-0.0215,-0.0061,-0.0089,-0.0052,-0.002,-0.0306,-0.2039
5767812,26976979198,2016-06-07,53,M,ROMÃO,3,1,0,1,0,0.2214,Medium Risk,1,-0.1766,0.0224,0.2339,-0.0204,-0.01,-0.0063,-0.0067,-0.0019,-0.0713,-0.0061
5771604,6493995331553,2016-06-07,50,F,JARDIM DA PENHA,3,1,0,0,0,0.1924,Low Risk,0,-0.1996,-0.0124,0.3733,-0.0228,0.0008,-0.0015,-0.0078,-0.0013,-0.0647,-0.2552
5771712,54382511549,2016-06-07,43,F,JARDIM DA PENHA,3,1,0,0,0,0.2255,Medium Risk,0,0.0359,-0.0123,0.3563,-0.0254,0.0035,-0.0038,-0.0078,-0.0013,-0.0538,-0.2724
5790222,26567292747386,2016-06-08,21,M,MARUÍPE,0,0,0,0,0,0.0907,Low Risk,0,0.2633,0.0799,-1.3271,-0.0148,-0.0059,-0.021,-0.0042,-0.0055,0.0479,0.0177
5771932,398766269134765,2016-06-03,68,M,MARUÍPE,0,0,0,1,0,0.0574,Low Risk,0,-0.3632,0.0152,-1.2434,-0.0158,0.0185,-0.012,-0.0034,-0.0076,0.0471,0.0764
5756730,84154945948341,2016-06-01,18,M,REDENÇÃO,0,0,0,0,0,0.1393,Low Risk,0,0.4539,0.0971,-1.2047,-0.0119,-0.0044,-0.0244,-0.0041,-0.0042,0.0496,0.0266
5786793,89392266811138,2016-06-08,59,F,SANTO ANDRÉ,0,0,0,1,0,0.0574,Low Risk,0,-0.2579,-0.0113,-1.3169,-0.0164,0.0114,-0.0082,-0.0076,-0.004,0.0449,0.0703
5768465,69467716359794,2016-06-08,72,F,SÃO JOSÉ,4,0,0,1,0,0.2114,Medium Risk,0,-0.4589,-0.0048,0.2968,0.0276,0.0043,-0.0207,-0.0114,-0.0057,0.0819,0.0862
5768251,958355482711994,2016-06-08,53,F,SANTO ANDRÉ,4,1,0,0,0,0.2176,Medium Risk,0,-0.1878,-0.0106,0.3099,-0.0251,-0.0026,-0.0053,-0.0109,-0.0018,-0.0819,0.0196
5697893,497694659573688,2016-06-02,72,M,BELA VISTA,16,1,0,1,0,0.2279,Medium Risk,0,-0.4925,0.0066,0.5796,0.0298,0.0023,-0.0163,-0.006,-0.0049,-0.1089,-0.0108
5759509,478533636783192,2016-06-01,16,F,SANTO ANTÔNIO,0,0,0,0,0,0.1239,Low Risk,0,0.5351,-0.067,-1.1464,-0.015,-0.0037,-0.0242,-0.0047,-0.0056,0.051,0.0196
5750170,58997314513194,2016-06-08,15,M,BELA VISTA,7,1,0,0,0,0.343,Medium Risk,0,0.412,0.0246,0.314,-0.0189,0.0059,-0.0205,-0.0066,-0.0016,-0.0834,-0.0332
5698739,67351666194267,2016-06-01,18,M,BELA VISTA,15,1,0,0,0,0.3513,Medium Risk,0,0.3575,0.0321,0.5409,-0.0158,0.0052,-0.0154,-0.0056,-0.0011,-0.0923,-0.0324
5700713,5489697862472,2016-06-08,8,F,BELA VISTA,22,1,0,0,0,0.3373,Medium Risk,0,0.1537,0.0045,0.6347,-0.0159,0.0084,-0.0193,-0.0088,-0.0014,-0.1191,-0.0469
5701261,62929752135393,2016-06-08,71,F,SANTO ANTÔNIO,22,1,0,0,0,0.2065,Medium Risk,0,-0.4332,0.0046,0.4895,-0.0172,-0.0142,-0.0122,-0.0054,-0.005,-0.1164,-0.1909
5743667,7535162699874,2016-06-01,1,M,BELA VISTA,1,0,0,0,0,0.2899,Medium Risk,0,0.073,-0.009,0.1844,-0.0014,0.0055,-0.0231,-0.0118,-0.0015,0.0643,0.0286
5761676,863266615443557,2016-06-06,53,F,SANTO ANDRÉ,3,1,0,0,0,0.2105,Medium Risk,0,-0.1875,-0.0105,0.2274,-0.0254,-0.0026,-0.0057,-0.0104,-0.0018,-0.0642,0.0188
5725198,81215165279748,2016-06-03,10,F,ILHA DE SANTA MARIA,13,1,0,0,0,0.2778,Medium Risk,0,0.1546,0.002,0.4998,-0.0189,0.0046,-0.0059,-0.0096,-0.0014,-0.1218,-0.0267
5718875,3379292193278,2016-06-02,52,F,ANDORINHAS,13,0,0,0,0,0.3123,Medium Risk,1,-0.1808,-0.0129,0.6544,-0.0257,-0.0034,-0.0077,-0.0095,-0.0019,0.1046,0.0484
5772689,95488317678358,2016-06-03,0,M,BELA VISTA,0,0,0,0,0,0.1198,Low Risk,1,0.0358,0.0115,-1.3522,0.0043,-0.0047,-0.0243,-0.0094,-0.0065,0.0622,0.212
5772834,89282165666773,2016-06-03,8,F,SANTO ANTÔNIO,0,0,0,0,0,0.0987,Low Risk,0,0.3274,-0.0435,-1.135,-0.0154,-0.0037,-0.0242,-0.0059,-0.0075,0.0553,0.0144
5773226,34485373492865,2016-06-06,8,M,SANTO ANTÔNIO,0,0,1,0,0,0.1721,Low Risk,0,0.3684,0.0564,-1.1173,0.1456,-0.0038,-0.0247,-0.0092,-0.0055,0.0619,0.0255
5773732,8169988527774,2016-06-06,4,M,MÁRIO CYPRESTE,0,0,0,0,0,0.0317,Low Risk,0,-0.0308,-0.0289,-1.6007,-0.0084,-0.0095,-0.0111,-0.0076,-0.0024,0.0704,-0.3822
5778665,785583572453979,2016-06-06,30,F,NOVA PALESTINA,0,0,0,0,0,0.0708,Low Risk,0,0.0897,-0.0248,-1.3801,-0.0127,-0.0036,-0.0084,-0.0034,-0.0045,0.049,0.0789
5783420,781148496886131,2016-06-07,2,M,SANTO ANTÔNIO,0,0,0,0,0,0.0524,Low Risk,0,-0.1379,0.0073,-1.4363,0.0021,-0.0044,-0.0244,-0.0073,-0.0066,0.0532,0.0334
5733309,95417484913579,2016-06-02,6,F,FORTE SÃO JOÃO,8,1,0,0,0,0.2276,Medium Risk,0,0.0242,0.0287,0.437,-0.0201,0.0064,-0.0185,-0.0076,-0.001,-0.0987,-0.1512
5761775,55598214486619,2016-06-02,27,M,FORTE SÃO JOÃO,0,0,0,0,0,0.0696,Low Risk,0,0.0985,0.0417,-1.3352,-0.0126,-0.0042,-0.0231,-0.002,-0.0043,0.0469,-0.1445
5737312,219228715467,2016-06-02,47,F,FORTE SÃO JOÃO,7,1,0,0,0,0.2255,Medium Risk,0,-0.0983,-0.0075,0.4235,-0.0231,0.0029,-0.0022,-0.0069,-0.0012,-0.1033,-0.1527
5722729,871283776126154,2016-06-02,16,M,ROMÃO,12,1,0,0,0,0.331,Medium Risk,1,0.3483,0.0258,0.4611,-0.0177,0.0039,-0.0103,-0.0065,-0.0018,-0.1176,-0.0476
5784886,7931611251265,2016-06-07,47,F,MARIA ORTIZ,0,0,0,0,0,0.0524,Low Risk,0,-0.096,-0.0244,-1.384,-0.0178,-0.0023,-0.0087,-0.0071,-0.0039,0.0473,-0.0312
5777622,9742379415,2016-06-06,76,F,MARIA ORTIZ,0,0,0,0,0,0.042,Low Risk,0,-0.4491,-0.0078,-1.3307,0.0154,-0.0162,-0.0134,-0.0068,-0.0065,0.0443,-0.0423
5782697,8155989233196,2016-06-07,51,F,MARIA ORTIZ,0,0,0,0,0,0.0524,Low Risk,0,-0.1359,-0.0245,-1.3456,-0.0176,-0.004,-0.0089,-0.0071,-0.0039,0.0458,-0.0266
5784237,33521153779728,2016-06-07,63,M,MARIA ORTIZ,0,0,0,0,0,0.0472,Low Risk,0,-0.395,0.0061,-1.2786,-0.0175,-0.0243,-0.0111,-0.0036,-0.0071,0.0435,-0.0382
5783413,959534174373441,2016-06-07,24,M,MARIA ORTIZ,0,0,0,0,0,0.0724,Low Risk,1,0.2729,0.0676,-1.3989,-0.0161,-0.0059,-0.0212,-0.0042,-0.0051,0.0466,-0.0489
5780514,71693759642742,2016-06-07,0,M,CONSOLAÇÃO,0,0,0,0,0,0.0574,Low Risk,0,-0.0358,0.0109,-1.4093,0.003,-0.0044,-0.0261,-0.0084,-0.0065,0.063,-0.0647
5784530,5717579748119,2016-06-07,45,F,CONQUISTA,0,0,0,0,0,0.0624,Low Risk,0,-0.1536,-0.0224,-1.3727,-0.013,0.0003,-0.0067,-0.0072,-0.0032,0.0569,0.0557
5778782,932841335237837,2016-06-08,42,F,SÃO PEDRO,1,0,0,0,0,0.3035,Medium Risk,0,0.0547,-0.0131,0.1477,-0.0262,0.0011,-0.0075,-0.0101,-0.0018,0.0521,0.117
5753958,2775632789764,2016-06-07,80,F,PRAIA DO CANTO,6,1,0,0,0,0.2283,Medium Risk,0,-0.2243,0.003,0.3718,0.0329,-0.0093,-0.0389,0.0064,-0.0051,-0.0916,-0.0112
5788812,351598493651,2016-06-08,44,F,BENTO FERREIRA,0,0,0,0,0,0.0574,Low Risk,0,0.0048,-0.0757,-1.4558,-0.0092,-0.008,-0.0087,-0.0062,-0.0036,0.0448,0.0193
5756898,4822517773266,2016-06-03,20,F,JOANA D´ARC,1,0,0,0,0,0.2654,Medium Risk,0,0.3356,-0.0237,0.1787,-0.0213,0.0067,-0.0224,-0.0069,-0.0012,0.0508,-0.0898
5765910,866735764771,2016-06-02,57,F,SANTA MARTHA,0,0,0,1,0,0.0317,Low Risk,0,-0.413,-0.0185,-1.6307,-0.0148,-0.0339,-0.0091,-0.0048,-0.0039,0.0829,-0.6874
5765070,52135944995872,2016-06-02,5,F,SÃO CRISTÓVÃO,0,0,0,0,0,0.0624,Low Risk,0,-0.0511,-0.0015,-1.4029,-0.0119,-0.0047,-0.0148,-0.009,-0.008,0.053,0.0225
5764505,7976237752893,2016-06-02,30,F,JOANA D´ARC,0,0,0,0,0,0.061,Low Risk,0,0.0479,-0.0236,-1.3526,-0.0129,-0.0033,-0.0077,-0.0022,-0.0043,0.0496,-0.0899
5763377,18894718956,2016-06-02,37,M,SANTA MARTHA,0,0,0,0,0,0.0447,Low Risk,0,0.0386,0.0169,-1.6473,-0.0172,-0.0048,-0.0004,0.1086,-0.0032,0.0891,-0.4981
5659712,15911963844195,2016-06-07,0,M,JOANA D´ARC,33,1,0,0,0,0.2933,Medium Risk,0,-0.0229,-0.0002,0.6081,-0.0062,0.0079,-0.0189,-0.0084,-0.0009,-0.1402,-0.0592
5626952,774741231625765,2016-06-06,29,F,JOANA D´ARC,39,1,1,0,0,0.3856,Medium Risk,1,0.1851,-0.0213,0.7791,0.1824,0.0086,-0.0211,-0.009,0.0008,-0.1591,-0.1616
5755161,161166722291,2016-06-08,16,F,ILHA DAS CAIEIRAS,6,1,0,0,0,0.2933,Medium Risk,0,0.3267,-0.0142,0.2555,-0.0198,0.0053,-0.0138,-0.0105,-0.0015,-0.0769,-0.0117
5738128,8714175238342,2016-06-01,69,F,ILHA DAS CAIEIRAS,6,1,0,1,0,0.1956,Low Risk,0,-0.4049,0.0002,0.3187,-0.0191,0.0039,-0.0121,-0.0104,-0.0052,-0.0806,0.0447
5738133,62173472855,2016-06-01,58,F,ILHA DAS CAIEIRAS,6,1,0,1,0,0.2121,Medium Risk,1,-0.2418,-0.0004,0.3125,-0.0199,0.0017,-0.0069,-0.0112,-0.0015,-0.0808,0.0444
5738126,8599299593915,2016-06-01,65,F,ILHA DAS CAIEIRAS,6,1,0,1,1,0.2065,Medium Risk,1,-0.3458,-0.0,0.2936,-0.0193,0.0003,0.1181,-0.0088,-0.0025,-0.1029,0.0554
5738117,741766955897975,2016-06-01,56,F,ILHA DAS CAIEIRAS,6,1,0,0,0,0.2121,Medium Risk,0,-0.2717,-0.0084,0.3145,-0.0201,-0.0145,-0.0063,-0.0116,-0.0015,-0.081,0.0335
5769089,75119972718184,2016-06-03,66,M,REDENÇÃO,0,0,0,1,1,0.0574,Low Risk,0,-0.4138,0.0128,-1.2608,-0.0131,-0.0032,0.1411,-0.0024,-0.0038,0.0561,0.0115
5747453,2521189561119,2016-06-08,0,F,SÃO PEDRO,8,1,0,0,0,0.2511,Medium Risk,1,-0.1607,-0.0058,0.4526,-0.0159,0.0048,-0.0137,-0.0099,-0.0023,-0.1298,0.0129
5747270,96283312964825,2016-06-08,0,M,SÃO JOSÉ,8,1,0,0,0,0.2444,Medium Risk,0,-0.1423,0.0142,0.4215,-0.0071,0.0041,-0.0153,-0.011,-0.0022,-0.1321,0.0464
5739471,56237592445868,2016-06-01,13,M,SANTA MARTHA,6,1,1,0,0,0.3526,Medium Risk,0,0.3105,0.0019,0.4559,0.1688,0.0066,-0.0141,-0.01,-0.0022,-0.0613,-0.1214
5774732,37994336685892,2016-06-08,62,F,SÃO PEDRO,1,0,0,1,1,0.2629,Medium Risk,0,-0.2284,-0.0028,0.129,-0.0225,0.0047,0.126,-0.0087,-0.0018,0.0686,0.155
5741374,28346544298923,2016-06-01,46,F,ILHA DAS CAIEIRAS,1,0,0,1,0,0.2435,Medium Risk,0,-0.0324,-0.0116,0.2135,-0.0221,-0.0221,-0.0059,-0.0106,-0.0013,0.0593,0.1233
5763188,949254782257,2016-06-06,49,M,GOIABEIRAS,3,1,0,0,0,0.2255,Medium Risk,0,-0.0925,0.0225,0.2266,-0.025,-0.0025,-0.0055,-0.0068,-0.0018,-0.0694,0.0018
5747585,86112172924337,2016-06-03,54,F,UNIVERSITÁRIO,3,1,0,0,0,0.2276,Medium Risk,1,-0.1897,-0.0109,0.2591,-0.0269,-0.0026,-0.0057,-0.0099,-0.0017,-0.0656,0.0282
5747556,565447534149,2016-06-02,68,F,SÃO CRISTÓVÃO,2,1,0,1,1,0.1801,Low Risk,0,-0.3287,-0.0001,0.2116,-0.0058,-0.0094,0.0715,-0.0069,0.0415,-0.1045,-0.0328
5770616,611162178112652,2016-06-07,46,F,JARDIM DA PENHA,3,1,0,0,0,0.2083,Medium Risk,0,-0.0655,-0.0123,0.3783,-0.024,0.0035,-0.0038,-0.0078,-0.0013,-0.066,-0.2697
5785620,9959716464474,2016-06-08,67,F,SÃO PEDRO,0,0,0,1,0,0.0743,Low Risk,0,-0.313,-0.0115,-1.1307,-0.0149,0.0116,-0.0119,-0.0068,-0.0063,0.0456,0.3317
5754419,59356593744446,2016-06-02,65,M,SÃO JOSÉ,1,0,0,1,1,0.2787,Medium Risk,0,-0.3668,-0.0347,0.1563,-0.0277,0.0125,0.123,0.1518,-0.0015,0.0727,0.1312
5767282,352519723416277,2016-06-02,55,M,SÃO JOSÉ,0,0,0,0,1,0.1069,Low Risk,0,-0.2712,0.0401,-1.1875,-0.0155,-0.0128,0.1288,-0.0028,-0.0025,0.0535,0.2679
5743413,683331645849,2016-06-01,12,M,COMDUSA,1,0,0,0,0,0.2458,Medium Risk,0,0.3301,0.0185,0.1155,-0.0206,0.0059,-0.0216,-0.0202,-0.0019,0.0628,-0.2167
5742282,942451912986242,2016-06-03,60,M,SANTOS REIS,3,1,0,1,0,0.1849,Low Risk,0,-0.293,-0.0,0.2343,-0.0185,0.0012,-0.0093,-0.0066,-0.0015,-0.0705,-0.0656
5740362,78874281749673,2016-06-03,27,F,SÃO PEDRO,8,1,0,0,0,0.3477,Medium Risk,0,0.2672,-0.0135,0.4042,-0.0226,0.0048,-0.014,-0.0086,-0.0018,-0.0621,0.1275
5743371,96414495677938,2016-06-03,34,F,SÃO PEDRO,3,1,0,0,0,0.2832,Medium Risk,0,0.0655,-0.011,0.2079,-0.026,0.0057,-0.0047,-0.0083,-0.0016,-0.0634,0.1072
5743432,337429126142824,2016-06-01,36,F,COMDUSA,1,0,0,0,0,0.2276,Medium Risk,0,-0.0029,-0.0122,0.1876,-0.0257,0.0072,-0.003,-0.0091,-0.0015,0.0564,-0.2242
5755591,337429126142824,2016-06-08,36,F,COMDUSA,6,1,0,0,0,0.2366,Medium Risk,0,0.0317,-0.0091,0.411,-0.0246,0.0073,-0.0013,-0.0096,-0.0013,-0.0709,-0.1878
5750189,14521334983638,2016-06-06,15,F,SÃO PEDRO,5,0,0,0,0,0.3477,Medium Risk,1,0.3759,-0.0195,0.2334,-0.0226,0.0052,-0.0162,-0.0111,-0.0022,0.0634,0.0878
5774979,827184683837634,2016-06-06,25,M,TABUAZEIRO,0,0,0,0,0,0.0708,Low Risk,0,0.3118,0.0632,-1.3095,-0.0122,-0.0055,-0.0223,-0.0029,-0.0043,0.0529,-0.1308
5717308,9588334822669,2016-06-02,60,F,RESISTÊNCIA,13,1,0,1,1,0.2506,Medium Risk,0,-0.2337,-0.0015,0.6015,-0.02,0.0064,0.0911,-0.0069,-0.0017,-0.1339,0.0159
5746958,529675135856181,2016-06-08,26,F,RESISTÊNCIA,8,1,1,0,0,0.3578,Medium Risk,0,0.2842,-0.0119,0.4697,0.1707,0.0052,-0.0143,-0.0141,0.0004,-0.0649,-0.0687
5759066,91634716181982,2016-06-08,33,F,RESISTÊNCIA,6,1,1,0,0,0.3091,Medium Risk,1,0.1239,-0.0095,0.4203,0.1759,0.006,-0.0041,-0.0124,0.0005,-0.073,-0.0535
5783066,829597436267,2016-06-07,50,F,RESISTÊNCIA,0,0,0,1,0,0.0574,Low Risk,0,-0.1717,-0.0297,-1.3871,-0.0133,-0.0229,-0.0072,-0.0075,-0.0044,0.0478,-0.1088
5782624,583874215453745,2016-06-07,62,M,RESISTÊNCIA,0,0,0,1,1,0.0574,Low Risk,0,-0.3085,0.0243,-1.3382,-0.0135,0.0152,0.1247,-0.003,-0.0039,0.054,-0.0864
5774156,766244718735287,2016-06-06,53,F,SÃO JOSÉ,0,0,0,1,1,0.1373,Low Risk,0,-0.1377,-0.024,-1.1241,-0.0157,-0.0029,0.1948,-0.0062,-0.0026,0.0517,0.3052
5760258,3933978925493,2016-06-06,64,F,SÃO JOSÉ,4,1,0,1,1,0.2065,Medium Risk,1,-0.3519,-0.0018,0.2566,-0.0219,0.0003,0.1184,-0.0083,-0.0025,-0.1107,0.1008
5683517,572723944178,2016-06-03,46,F,SANTA MARTHA,22,0,0,0,0,0.3374,Medium Risk,0,0.0103,-0.0175,0.8303,-0.0245,0.0054,-0.0034,-0.0065,-0.002,0.0912,-0.2723
5691707,684884484567,2016-06-03,17,F,SANTA MARTHA,21,0,0,0,0,0.3901,Medium Risk,0,0.4087,-0.023,0.7668,-0.0199,0.0088,-0.0122,-0.0062,-0.0018,0.0727,-0.2552
5781140,833783691191872,2016-06-07,37,F,SANTA MARTHA,0,0,0,0,0,0.042,Low Risk,0,-0.0115,-0.0272,-1.5788,-0.0149,-0.0046,-0.0027,-0.0059,-0.0034,0.0783,-0.4584
5779706,48927134877622,2016-06-07,63,F,SANTA MARTHA,0,0,0,1,1,0.0378,Low Risk,0,-0.3189,-0.0152,-1.5312,-0.0181,-0.0271,0.1083,-0.0016,-0.0048,0.0871,-0.6189
5759569,54164819898744,2016-06-01,18,F,MARIA ORTIZ,0,0,0,0,0,0.0711,Low Risk,0,0.3407,-0.0671,-1.3622,-0.0166,-0.0055,-0.0195,-0.007,-0.0048,0.0352,-0.045
5776253,981763263915327,2016-06-07,38,F,MARIA ORTIZ,0,0,0,0,0,0.0531,Low Risk,0,-0.0365,-0.0244,-1.459,-0.018,0.0017,-0.0079,-0.0084,-0.0038,0.0427,-0.0026
5763547,5493365513699,2016-06-02,31,F,TABUAZEIRO,0,0,0,0,0,0.0533,Low Risk,0,-0.0663,-0.0221,-1.4482,-0.0131,-0.0046,-0.0061,-0.0032,-0.003,0.0496,-0.1875
5690935,38543942969335,2016-06-08,4,F,TABUAZEIRO,26,1,0,0,0,0.3362,Medium Risk,1,0.2054,0.0175,0.7608,-0.0137,0.0116,-0.0176,-0.0062,-0.001,-0.125,-0.2177
5672667,894388678743,2016-06-07,34,F,TABUAZEIRO,28,0,0,0,0,0.3271,Medium Risk,1,0.0786,-0.011,0.6775,-0.0234,0.0124,-0.0024,-0.0053,-0.0014,0.0936,-0.2507
5708469,6558754696126,2016-06-08,12,F,TABUAZEIRO,21,0,0,0,0,0.3494,Medium Risk,0,0.2955,-0.0023,0.6696,-0.0178,0.0088,-0.0187,-0.0155,-0.0017,0.0935,-0.2662
5707739,218372449177286,2016-06-06,17,M,TABUAZEIRO,19,1,0,0,0,0.3362,Medium Risk,0,0.4366,0.0214,0.552,-0.016,0.0081,-0.0218,-0.0048,-0.0013,-0.1285,-0.2082
5717931,97173476551,2016-06-03,15,F,ILHA DO PRÍNCIPE,14,1,1,0,0,0.3905,Medium Risk,1,0.4127,-0.0185,0.6178,0.0515,0.0012,-0.009,-0.0092,-0.0026,-0.1018,0.1647
5706039,41821383288926,2016-06-02,52,F,ENSEADA DO SUÁ,15,1,0,0,0,0.2645,Medium Risk,1,-0.233,-0.0208,0.6185,-0.0172,-0.004,-0.0051,-0.007,-0.0016,-0.1144,0.0983
5716460,8874311192844,2016-06-07,8,M,PRAIA DO SUÁ,19,1,0,0,0,0.3255,Medium Risk,0,0.1052,0.0234,0.5966,-0.0178,0.0063,-0.0184,-0.0088,-0.0024,-0.1225,0.0877
5754191,267917535119663,2016-06-01,25,F,SANTO ANDRÉ,0,0,0,0,0,0.0886,Low Risk,0,0.2241,-0.0426,-1.3715,-0.0151,-0.0055,-0.0197,-0.0075,-0.0056,0.0436,0.0494
5738019,24311572824647,2016-06-02,25,F,SÃO JOSÉ,7,1,0,0,0,0.3408,Medium Risk,0,0.3428,-0.0172,0.4029,-0.0216,0.0053,-0.014,-0.0084,-0.0017,-0.0483,0.0981
5757357,83589861678351,2016-06-02,21,F,SÃO JOSÉ,0,0,0,0,0,0.0984,Low Risk,0,0.1962,-0.0501,-1.2879,-0.0138,-0.0055,-0.0195,-0.007,-0.0043,0.0408,0.2312
5753952,8395668339347,2016-06-07,13,M,NOVA PALESTINA,6,1,0,0,0,0.3091,Medium Risk,0,0.3604,0.0091,0.2541,-0.019,0.0059,-0.0205,-0.0076,-0.0019,-0.0759,0.0348
5759617,429551575399387,2016-06-08,13,M,NOVA PALESTINA,6,1,0,0,0,0.3091,Medium Risk,0,0.3604,0.0091,0.2541,-0.019,0.0059,-0.0205,-0.0076,-0.0019,-0.0759,0.0348
5736101,7684728126393,2016-06-08,5,M,NOVA PALESTINA,13,1,0,0,0,0.2764,Medium Risk,0,-0.0119,-0.0118,0.5747,-0.0184,0.0051,-0.0154,-0.0099,-0.0014,-0.1207,0.0072
5770948,9348317495987,2016-06-03,3,F,ILHA DO PRÍNCIPE,0,0,0,0,0,0.0574,Low Risk,0,-0.043,-0.087,-1.5961,0.0074,-0.0118,-0.0194,-0.005,-0.0065,0.0485,0.174
5727106,672716741159531,2016-06-03,15,F,ILHA DO PRÍNCIPE,13,1,0,0,0,0.4098,High Risk,1,0.4423,-0.0199,0.5727,-0.0076,0.0009,-0.0088,-0.005,-0.0014,-0.0957,0.257
5752480,9887325571863,2016-06-08,17,F,ILHA DO PRÍNCIPE,7,1,0,0,0,0.399,Medium Risk,1,0.4374,-0.0233,0.4387,-0.0087,0.0016,-0.0138,-0.0056,-0.0009,-0.0836,0.2406
5782168,47616945849233,2016-06-07,48,F,ILHA DO PRÍNCIPE,0,0,1,0,0,0.0574,Low Risk,0,-0.098,-0.0756,-1.5117,0.0619,-0.0091,-0.0089,-0.0046,-0.001,0.0506,-0.0252
5719404,744868619646498,2016-06-01,42,M,JESUS DE NAZARETH,12,1,0,0,0,0.3908,Medium Risk,1,0.0759,0.0304,0.6319,-0.0215,0.004,-0.0011,0.1518,-0.0009,-0.1113,0.2335
5755273,489413482596,2016-06-01,51,F,JESUS DE NAZARETH,0,0,1,0,1,0.0645,Low Risk,0,-0.1581,-0.0628,-1.4533,0.0773,-0.0165,0.193,-0.0038,-0.0004,0.0535,-0.0217
5659559,2938534596561,2016-06-07,0,F,JESUS DE NAZARETH,33,0,0,0,0,0.3609,Medium Risk,0,-0.1486,-0.043,0.6551,0.0133,0.0067,-0.0151,-0.0071,-0.0017,0.169,0.0806
5773497,86797624777852,2016-06-06,58,F,CENTRO,0,0,0,0,0,0.0574,Low Risk,0,-0.2745,-0.0065,-1.3106,-0.0142,-0.0149,-0.0074,-0.0076,-0.0041,0.0465,0.0443
5721494,698437881365,2016-06-02,52,M,CENTRO,13,1,0,0,0,0.2366,Medium Risk,0,-0.172,0.0225,0.5609,-0.021,-0.004,-0.0052,-0.005,-0.0018,-0.1215,0.0158
5766864,79916442512314,2016-06-07,34,M,ITARARÉ,4,1,0,0,0,0.3324,Medium Risk,0,0.0762,0.029,0.3545,-0.0146,0.0063,-0.0041,-0.0051,0.0012,-0.076,0.2726
5733623,285957289222,2016-06-03,23,F,CARATOÍRA,9,1,0,0,1,0.4301,High Risk,0,0.4842,-0.0286,0.5506,-0.0085,-0.0003,0.2226,-0.003,-0.0008,-0.0931,0.2147
5733634,3427793866418,2016-06-03,28,F,CARATOÍRA,9,1,0,0,0,0.3693,Medium Risk,0,0.2017,-0.0206,0.5939,-0.0104,0.0008,-0.014,-0.0053,-0.0015,-0.098,0.2146
5779214,37375788764814,2016-06-08,78,F,PRAIA DO SUÁ,1,0,0,1,0,0.2255,Medium Risk,0,-0.2812,-0.0062,0.1809,0.0285,0.0089,-0.0199,0.0014,-0.005,0.0529,0.1125
5772969,7249276674644,2016-06-07,28,M,BONFIM,3,1,0,0,0,0.2759,Medium Risk,0,0.2186,0.0256,0.2568,-0.0201,0.0046,-0.018,-0.007,-0.0019,-0.066,-0.0095
5767403,741299647611,2016-06-06,22,F,SANTA MARTHA,3,1,1,0,0,0.3477,Medium Risk,0,0.3094,-0.0141,0.3764,0.1838,0.0073,-0.0149,-0.0103,-0.0019,-0.0351,-0.1632
5765454,8444952838643,2016-06-02,37,M,RESISTÊNCIA,0,0,0,0,0,0.0574,Low Risk,0,-0.0501,0.0505,-1.4499,-0.0135,-0.0055,-0.0078,-0.0049,-0.0043,0.0453,-0.1077
5667641,196581624684137,2016-06-03,25,F,JESUS DE NAZARETH,27,1,0,0,0,0.41,High Risk,0,0.3446,-0.0211,0.6886,-0.0101,0.0101,-0.0152,-0.0047,-0.0008,-0.0696,0.2242
5769000,91897214817377,2016-06-03,0,M,DO CABRAL,0,0,0,0,0,0.0484,Low Risk,0,-0.217,-0.0081,-1.3747,0.0022,-0.0096,-0.0146,-0.0082,-0.0029,0.0632,-0.2343
5712672,9922212619174,2016-06-03,8,M,BELA VISTA,15,1,0,0,0,0.3036,Medium Risk,0,0.0924,0.0024,0.5135,-0.0161,0.0052,-0.0153,-0.0104,-0.0014,-0.1226,-0.0249
5644209,594122938241638,2016-06-02,58,M,MARUÍPE,30,1,0,0,0,0.2317,Medium Risk,1,-0.3457,0.0,0.593,-0.0227,-0.0265,-0.007,-0.0057,-0.0007,-0.1079,0.0606
5632537,6286596663641,2016-06-01,43,F,MARUÍPE,33,1,0,1,0,0.3305,Medium Risk,0,0.0743,-0.0131,0.7179,-0.0271,-0.0326,-0.0026,-0.0085,-0.0018,-0.0982,0.0758
5639678,326244176875781,2016-06-01,59,F,MARUÍPE,32,1,0,0,0,0.2374,Medium Risk,1,-0.3143,-0.0005,0.6735,-0.0265,-0.0222,-0.007,-0.008,-0.0017,-0.1099,0.0782
5653092,714627876439,2016-06-07,24,F,MARUÍPE,34,1,0,0,0,0.3954,Medium Risk,1,0.3244,-0.0161,0.7703,-0.0232,0.0069,-0.0173,-0.0085,-0.0019,-0.0985,0.0484
5758883,582366979123,2016-06-01,13,F,MARIA ORTIZ,0,0,1,0,0,0.097,Low Risk,0,0.4846,-0.0582,-1.3287,0.1456,-0.0052,-0.0197,-0.0097,-0.0062,0.0452,0.0148
5772206,439813644265,2016-06-03,16,F,JABOUR,0,0,0,0,0,0.0832,Low Risk,0,0.5401,-0.0625,-1.2402,-0.0138,-0.0037,-0.0259,-0.0055,-0.0055,0.0528,-0.1495
5757867,2697889338278,2016-06-01,39,M,JABOUR,0,0,0,0,0,0.0472,Low Risk,0,-0.1563,0.0267,-1.4373,-0.0148,0.003,-0.0076,-0.0041,-0.0031,0.0508,-0.3162
5705097,285662971772547,2016-06-01,37,F,TABUAZEIRO,15,1,0,0,0,0.2449,Medium Risk,1,0.0395,-0.0079,0.6302,-0.0223,0.0068,-0.0013,-0.0075,-0.0013,-0.0961,-0.2432
5755009,4972433411739,2016-06-03,70,F,SANTA MARTHA,1,0,0,1,0,0.1249,Low Risk,1,-0.6904,-0.0073,0.1087,-0.0236,-0.0149,-0.0263,-0.0068,-0.0068,0.078,-0.5277
5785860,817231926524456,2016-06-08,41,F,JABOUR,0,0,0,0,0,0.049,Low Risk,0,-0.1342,-0.0171,-1.4539,-0.0152,0.0034,-0.0086,-0.005,-0.0032,0.0512,-0.2727
5773461,92834548331232,2016-06-08,53,F,CRUZAMENTO,1,0,0,0,0,0.221,Medium Risk,0,-0.1823,-0.0129,0.1691,-0.0271,-0.0037,-0.0076,-0.0102,-0.002,0.054,0.0401
5769773,766694571977,2016-06-08,86,M,ROMÃO,4,1,0,0,0,0.1535,Low Risk,1,-0.5638,-0.0038,0.296,0.0298,-0.0272,-0.0161,0.0032,-0.0054,-0.088,-0.0058
5773397,244118997342,2016-06-08,84,F,CRUZAMENTO,1,0,0,1,0,0.1811,Low Risk,0,-0.3284,-0.0043,0.1933,0.0195,0.009,-0.0199,0.0014,-0.0053,0.0519,0.1407
5758319,459334522898355,2016-06-06,59,M,CONQUISTA,4,1,0,0,0,0.2152,Medium Risk,0,-0.3251,-0.0045,0.3171,-0.0191,-0.0141,-0.0059,-0.0079,-0.0012,-0.0902,-0.0438
5767065,38951991256316,2016-06-06,24,F,JESUS DE NAZARETH,3,1,0,0,0,0.3598,Medium Risk,0,0.3399,-0.0224,0.301,-0.0112,0.0052,-0.0165,-0.0058,-0.0009,-0.043,0.2262
5546061,495939461625,2016-06-01,39,F,FRADINHOS,56,1,0,0,0,0.2065,Medium Risk,1,0.0843,-0.0056,0.5243,-0.0264,-0.0033,-0.0091,-0.007,-0.0034,-0.1005,-0.2642
5766252,697144857517343,2016-06-06,44,F,MONTE BELO,3,1,0,0,0,0.2534,Medium Risk,0,0.0904,-0.0174,0.2902,-0.027,0.0002,-0.0055,-0.0099,-0.0016,-0.0636,0.0789
5743365,622974778741788,2016-06-06,18,F,ILHA DE SANTA MARIA,6,1,0,0,0,0.3061,Medium Risk,0,0.3502,-0.0162,0.3235,-0.0198,0.0053,-0.011,-0.01,-0.0011,-0.0547,-0.0603
5753693,787688446924,2016-06-08,25,F,ILHA DE SANTA MARIA,7,1,0,0,0,0.3194,Medium Risk,1,0.3474,-0.0152,0.4121,-0.0197,0.0053,-0.0112,-0.0088,-0.0014,-0.06,-0.0619
5768751,35935776356337,2016-06-03,52,F,MARIA ORTIZ,0,0,0,0,0,0.0524,Low Risk,0,-0.1331,-0.0245,-1.3426,-0.0176,-0.004,-0.0089,-0.0071,-0.0039,0.0458,-0.0323
5788643,257858634969763,2016-06-08,65,M,SANTO ANTÔNIO,0,0,0,0,0,0.0537,Low Risk,0,-0.4088,-0.0229,-1.2694,-0.0191,-0.0122,-0.008,0.0374,-0.0005,0.0537,-0.07
5762955,4581237333315,2016-06-02,25,F,BONFIM,0,0,0,0,0,0.0746,Low Risk,0,0.2215,-0.0409,-1.3685,-0.012,-0.0055,-0.0191,-0.0073,-0.0054,0.0463,0.0273
5769345,1411296979368,2016-06-03,15,F,SANTA MARTHA,0,0,0,0,0,0.0624,Low Risk,0,0.552,-0.0708,-1.4398,-0.0134,-0.005,-0.0126,-0.0049,-0.0035,0.0817,-0.4967
5770094,814919695583855,2016-06-03,17,M,MARIA ORTIZ,0,0,0,0,0,0.1336,Low Risk,0,0.6481,0.0957,-1.2065,-0.0163,-0.0059,-0.021,-0.0047,-0.0062,0.0565,-0.0611
5757269,657272167177,2016-06-01,1,F,MARIA ORTIZ,0,0,0,0,0,0.0393,Low Risk,0,-0.2446,-0.0082,-1.6419,-0.0013,-0.0057,-0.0194,-0.0084,-0.0079,0.0452,-0.113
5786801,692812928721414,2016-06-08,54,M,ITARARÉ,0,0,0,0,1,0.1269,Low Risk,0,-0.0952,0.083,-1.3102,-0.0108,-0.0125,0.149,0.0616,0.0019,0.0572,0.3217
5762022,194953112588793,2016-06-02,58,M,SANTA CECÍLIA,0,0,0,0,0,0.0624,Low Risk,0,-0.3059,0.0422,-1.3456,-0.0047,-0.0227,-0.0064,-0.0033,0.0019,0.0444,0.2406
5774284,722558853818725,2016-06-06,55,F,MONTE BELO,0,0,0,0,0,0.0574,Low Risk,0,-0.2175,-0.0566,-1.3952,-0.0166,-0.0096,-0.0071,-0.007,-0.0032,0.0472,-0.0331
5766210,2775632789764,2016-06-07,80,F,PRAIA DO CANTO,4,0,0,0,0,0.2688,Medium Risk,0,-0.206,0.0031,0.4068,0.0307,-0.0098,-0.0424,0.0053,-0.0054,0.0809,0.0383
5715613,469889573765,2016-06-01,15,M,ILHA DE SANTA MARIA,13,1,0,0,0,0.349,Medium Risk,0,0.4002,0.0221,0.4791,-0.0172,0.0039,-0.0076,-0.0061,-0.0017,-0.1121,-0.0481
5767398,768483334677955,2016-06-07,28,M,ILHA DE SANTA MARIA,4,1,0,0,0,0.2933,Medium Risk,0,0.2214,0.0256,0.3213,-0.0198,0.0046,-0.0128,-0.0076,-0.0015,-0.093,-0.0809
5778481,17647837583431,2016-06-06,27,F,ILHA DE SANTA MARIA,0,0,0,0,0,0.0711,Low Risk,0,0.1201,-0.0249,-1.3836,-0.0125,-0.0055,-0.0163,-0.0072,-0.0051,0.0451,0.0134
5774230,71555154263792,2016-06-06,39,F,MONTE BELO,0,0,0,0,0,0.0574,Low Risk,0,-0.0564,-0.0584,-1.4869,-0.0162,-0.0047,-0.0079,-0.0083,-0.0034,0.0446,-0.0122
5748615,16862596768,2016-06-02,70,M,REDENÇÃO,1,0,0,0,0,0.1527,Low Risk,0,-0.6036,-0.0136,0.1366,-0.0196,-0.0255,-0.0148,-0.0064,-0.0088,0.0542,-0.0414
5748611,652546298315427,2016-06-02,72,F,GOIABEIRAS,1,0,0,1,0,0.1901,Low Risk,0,-0.4816,-0.0037,0.1575,0.0207,0.0084,-0.0206,-0.0105,-0.0064,0.0523,0.0242
5763902,2497473518114,2016-06-02,78,F,SÃO PEDRO,0,0,0,1,1,0.1259,Low Risk,0,-0.2548,-0.0133,-1.1307,-0.0048,0.0085,0.1334,0.0024,-0.0035,0.0481,0.3438
5748341,4627653127949,2016-06-01,61,F,SANTO ANTÔNIO,1,0,0,0,0,0.1963,Low Risk,0,-0.3052,0.0071,0.2156,-0.0243,-0.0106,-0.0119,-0.0075,-0.0019,0.0638,-0.0819
5768437,34838632976,2016-06-03,69,F,CRUZAMENTO,0,0,0,1,1,0.0574,Low Risk,0,-0.4412,-0.0112,-1.297,-0.0178,0.008,0.1513,-0.006,-0.0042,0.0516,0.0763
5735800,72316596161246,2016-06-01,36,M,SANTO ANDRÉ,6,1,0,0,0,0.2823,Medium Risk,0,0.0771,0.0226,0.3346,-0.0259,0.005,-0.0034,-0.0088,-0.0018,-0.0592,0.0304
5768376,3641149399475,2016-06-07,57,M,MARIA ORTIZ,3,1,0,0,0,0.206,Medium Risk,0,-0.3098,0.0022,0.2513,-0.0248,-0.0185,-0.0067,-0.0076,-0.0017,-0.0675,0.0031
5768321,76759189219987,2016-06-07,44,F,CENTRO,3,1,0,0,0,0.2304,Medium Risk,0,0.0725,-0.0105,0.2518,-0.0249,0.0009,-0.0055,-0.0104,-0.0018,-0.0629,-0.0124
5743265,63323933961817,2016-06-01,93,F,JARDIM CAMBURI,1,0,0,0,0,0.2046,Medium Risk,0,-0.3938,0.0058,0.2132,0.0325,-0.0721,0.0283,0.0051,-0.0098,0.1233,-0.244
5743195,359541586621174,2016-06-01,74,F,JARDIM CAMBURI,1,0,0,0,0,0.1839,Low Risk,0,-0.4932,0.0055,0.1682,0.0315,-0.0139,-0.0197,-0.0108,-0.0054,0.0584,0.0489
5755485,181345724321277,2016-06-03,33,F,MONTE BELO,1,0,0,0,0,0.2591,Medium Risk,1,0.1281,-0.0195,0.2353,-0.0241,0.0011,-0.009,-0.0082,-0.0016,0.054,0.0757
5755501,4488198118495,2016-06-03,35,F,JARDIM CAMBURI,1,0,0,0,0,0.2484,Medium Risk,0,0.0575,-0.0108,0.1976,-0.0236,0.0069,-0.0053,-0.0085,-0.0014,0.0583,0.0302
5761790,71643513344922,2016-06-06,61,F,SANTO ANTÔNIO,3,1,0,1,0,0.1895,Low Risk,0,-0.2809,0.0003,0.3,-0.0233,-0.0104,-0.0095,-0.0075,-0.0014,-0.0638,-0.098
5772479,42892991616693,2016-06-03,86,F,ILHA DE SANTA MARIA,0,0,0,0,0,0.0524,Low Risk,0,-0.5244,-0.0182,-1.2515,0.0277,-0.0164,-0.0146,0.0041,-0.0081,0.0512,-0.0046
5626717,7625891862264,2016-06-02,69,M,JUCUTUQUARA,35,1,0,0,0,0.1904,Low Risk,1,-0.5489,-0.0069,0.6108,-0.0238,-0.0221,-0.0126,-0.0049,-0.0049,-0.1243,-0.078
5619393,79385681333,2016-06-02,73,M,JUCUTUQUARA,36,1,0,0,0,0.1952,Low Risk,0,-0.5888,-0.0022,0.6033,0.0246,-0.0221,-0.0169,-0.0059,-0.0049,-0.1243,-0.0607
5604056,19657365363782,2016-06-01,75,F,ILHA DE SANTA MARIA,41,1,0,0,0,0.1986,Low Risk,1,-0.5692,-0.0112,0.6376,0.0283,-0.0274,-0.0163,-0.0086,-0.0044,-0.1259,-0.0084
5670994,37389881856987,2016-06-06,58,M,MONTE BELO,30,1,0,0,0,0.2366,Medium Risk,0,-0.3599,0.0174,0.5744,-0.0228,-0.0269,-0.007,-0.0056,-0.0005,-0.1048,0.0642
5767761,6481221941992,2016-06-03,59,M,RESISTÊNCIA,0,0,0,0,0,0.0495,Low Risk,0,-0.3251,0.016,-1.3813,-0.0136,-0.0224,-0.0074,-0.0039,-0.004,0.0453,-0.116
5739972,8381578363838,2016-06-01,49,F,RESISTÊNCIA,6,1,0,0,0,0.2214,Medium Risk,1,-0.1184,-0.0113,0.3598,-0.0224,-0.0018,-0.0041,-0.0109,-0.0018,-0.0817,-0.0581
5745744,731349397826879,2016-06-07,34,M,RESISTÊNCIA,7,1,0,0,0,0.2995,Medium Risk,0,0.0926,0.0238,0.4354,-0.0228,0.005,-0.0034,-0.0045,-0.0018,-0.0789,-0.0595
5780316,3861793647718,2016-06-07,7,F,RESISTÊNCIA,0,0,0,0,0,0.0624,Low Risk,0,0.1898,-0.0395,-1.3443,-0.0126,-0.0055,-0.0195,-0.0089,-0.0096,0.0489,-0.1867
5777121,532954635329,2016-06-06,29,F,RESISTÊNCIA,0,0,0,0,0,0.1293,Low Risk,0,0.1466,0.0365,-1.3531,-0.0024,-0.0055,-0.0154,0.2239,0.1835,0.0495,-0.0013
5776097,585321955689,2016-06-06,48,M,CONQUISTA,0,0,0,0,0,0.0624,Low Risk,0,-0.1332,-0.014,-1.4008,-0.0162,-0.0024,-0.0046,0.1007,-0.003,0.0642,0.0222
5757430,986362688119752,2016-06-01,33,F,NOVA PALESTINA,0,0,1,0,0,0.0624,Low Risk,0,-0.0371,-0.022,-1.5007,0.1112,-0.0032,-0.0086,-0.0052,-0.0011,0.0515,0.0722
5763375,265568317454,2016-06-02,32,F,NOVA PALESTINA,0,0,1,0,0,0.0624,Low Risk,0,-0.0369,-0.022,-1.501,0.1112,-0.0032,-0.0086,-0.0052,-0.0011,0.0515,0.0722
5782846,821673859886269,2016-06-07,6,F,BELA VISTA,0,0,0,0,0,0.0817,Low Risk,0,-0.0374,-0.0014,-1.3865,-0.0122,-0.0042,-0.0242,-0.009,-0.0074,0.0553,0.0697
5782878,79859548324134,2016-06-07,1,F,SANTO ANTÔNIO,0,0,0,0,0,0.0624,Low Risk,0,-0.0835,0.0001,-1.4553,0.0005,-0.004,-0.0241,-0.0058,-0.0065,0.0526,0.0632
5788562,619789442642574,2016-06-08,15,F,SANTO ANTÔNIO,0,0,0,0,0,0.1373,Low Risk,0,0.5667,-0.0652,-1.1397,-0.0149,-0.0037,-0.0242,-0.0047,-0.0078,0.051,0.011
5764651,5445841239427,2016-06-02,51,F,MÁRIO CYPRESTE,0,0,0,1,0,0.0396,Low Risk,0,-0.0689,0.0158,-1.3956,-0.0143,-0.0463,-0.0004,-0.0046,-0.0026,0.0838,-0.227
5764653,725729638467976,2016-06-02,20,F,BELA VISTA,0,0,1,0,0,0.1147,Low Risk,0,0.3539,-0.0643,-1.3304,0.1075,-0.0037,-0.0245,-0.0093,-0.0021,0.0477,0.0497
5764657,235894473645624,2016-06-02,39,F,BELA VISTA,0,0,1,0,0,0.0624,Low Risk,0,-0.0825,-0.0216,-1.4839,0.1194,0.0035,-0.0062,-0.0101,-0.0011,0.0504,0.0158
5739995,2539765266773,2016-06-02,25,M,CENTRO,7,1,0,0,0,0.3217,Medium Risk,0,0.3555,0.0316,0.3963,-0.0196,0.0046,-0.0156,-0.0062,-0.0019,-0.0556,-0.0447
5721384,356694364863584,2016-06-01,24,M,PRAIA DO SUÁ,12,1,0,0,0,0.3866,Medium Risk,0,0.3487,0.0316,0.5573,-0.0194,0.0039,-0.0106,-0.006,-0.0017,-0.0768,0.1018
5762138,5742968254576,2016-06-02,65,F,BELA VISTA,0,0,0,1,0,0.0537,Low Risk,0,-0.3601,-0.0092,-1.2504,-0.0132,-0.0032,-0.0114,-0.0069,-0.0065,0.0504,0.0234
5766589,71971163872199,2016-06-08,36,F,DO QUADRO,5,1,0,0,0,0.2366,Medium Risk,0,0.0241,-0.0124,0.4483,-0.025,0.0073,-0.0016,-0.0096,-0.0013,-0.0645,-0.2047
5739956,22623831464868,2016-06-01,29,M,BELA VISTA,6,1,1,0,0,0.3305,Medium Risk,0,0.2215,0.0176,0.3759,0.1641,0.0062,-0.0209,-0.0126,0.0007,-0.081,-0.0226
5755868,194242984368,2016-06-03,23,F,DO CABRAL,1,0,0,0,0,0.2484,Medium Risk,1,0.3038,-0.0222,0.2195,-0.0219,0.0068,-0.0154,-0.007,-0.0016,0.063,-0.193
5693200,97138192434938,2016-06-02,41,M,BONFIM,20,1,0,1,0,0.3477,Medium Risk,0,0.0249,-0.0134,0.6039,-0.025,-0.0688,0.0004,0.1547,-0.0007,-0.1328,-0.007
5754566,9965894885676,2016-06-07,26,M,PRAIA DO SUÁ,6,0,0,0,0,0.3419,Medium Risk,1,0.2769,0.0329,0.3259,-0.0221,0.0043,-0.0181,-0.0086,-0.0019,0.0492,0.0736
5778173,714453526688231,2016-06-08,44,M,BONFIM,1,0,1,0,0,0.3156,Medium Risk,1,0.1128,0.016,0.2055,0.1921,0.0,-0.0076,-0.0101,-0.0001,0.0568,-0.0053
5767677,66784532744945,2016-06-07,20,F,ANTÔNIO HONÓRIO,3,1,0,0,0,0.2933,Medium Risk,1,0.3375,-0.0186,0.2204,-0.0201,0.0053,-0.0162,-0.0096,-0.0017,-0.0384,-0.0223
5741618,265161271915124,2016-06-01,20,M,CONQUISTA,1,0,1,0,0,0.3457,Medium Risk,0,0.3473,0.0403,0.1613,0.1591,0.0059,-0.0159,-0.0118,0.0008,0.0616,-0.0061
5614876,1847559763744,2016-06-03,13,F,CRUZAMENTO,38,1,0,0,0,0.3554,Medium Risk,0,0.3318,-0.0118,0.6082,-0.023,0.0069,-0.013,-0.0087,-0.0023,-0.1195,0.0717
5606523,3962493437,2016-06-02,35,F,CRUZAMENTO,42,1,0,0,0,0.3444,Medium Risk,0,0.1173,-0.0179,0.7042,-0.0282,0.0069,-0.0024,-0.0063,-0.0016,-0.1149,0.0875
5755160,338753549767736,2016-06-01,12,F,ROMÃO,0,0,0,0,0,0.1062,Low Risk,1,0.5203,-0.0541,-1.1996,-0.012,-0.0055,-0.0188,-0.017,-0.0098,0.0522,0.0661
5741652,632241886617,2016-06-02,54,M,CRUZAMENTO,2,0,0,1,0,0.2214,Medium Risk,0,-0.1721,0.0274,0.1791,-0.026,-0.0057,-0.0105,-0.0072,-0.002,0.0618,0.0519
5662367,1412644155497,2016-06-06,56,F,MARIA ORTIZ,31,1,0,0,0,0.2501,Medium Risk,1,-0.3161,-0.0159,0.6588,-0.0237,-0.0215,-0.007,-0.0088,-0.0016,-0.1017,0.0593
5716960,351486334844237,2016-06-01,40,F,ROMÃO,12,1,1,0,0,0.3578,Medium Risk,1,0.0783,-0.0077,0.6021,0.196,0.0061,-0.0044,-0.0136,0.0005,-0.1053,-0.0158
5762127,64623732338786,2016-06-08,56,F,ROMÃO,5,1,0,0,0,0.2061,Medium Risk,0,-0.2899,-0.0082,0.3103,-0.02,-0.0145,-0.0062,-0.0115,-0.0018,-0.0931,-0.0267
5761973,394698839682525,2016-06-07,63,M,FORTE SÃO JOÃO,4,1,0,0,0,0.1648,Low Risk,0,-0.4532,-0.0133,0.3699,-0.0197,-0.0183,-0.01,-0.0063,-0.0049,-0.0896,-0.1416
5723826,735821969897,2016-06-06,63,F,FORTE SÃO JOÃO,16,1,0,1,0,0.1839,Low Risk,0,-0.4201,0.0013,0.5521,-0.0204,-0.0063,-0.0104,-0.006,-0.0049,-0.1183,-0.2289
5773202,6618868251182,2016-06-06,53,F,CENTRO,0,0,0,0,0,0.0574,Low Risk,0,-0.1407,-0.0241,-1.2808,-0.0145,-0.004,-0.0089,-0.0075,-0.0044,0.0473,0.0574
5758218,59174331896539,2016-06-03,6,M,RESISTÊNCIA,1,0,0,0,0,0.2214,Medium Risk,0,-0.0639,0.0044,0.151,-0.0208,0.004,-0.0197,-0.0118,-0.0037,0.0656,-0.0813
5615666,27733979571358,2016-06-03,0,M,RESISTÊNCIA,38,1,0,0,0,0.2394,Medium Risk,0,-0.0117,0.0189,0.8858,-0.0062,0.0062,-0.0145,-0.0098,-0.0028,-0.1666,-0.0328
5756748,4741181179454,2016-06-01,64,M,NOVA PALESTINA,0,0,0,0,0,0.0574,Low Risk,0,-0.4214,0.0035,-1.2235,-0.013,-0.0182,-0.0107,-0.0028,-0.0065,0.0482,0.0396
5761744,15394263631235,2016-06-02,37,M,ROMÃO,0,0,0,1,0,0.0582,Low Risk,0,-0.0323,-0.014,-1.4189,-0.0162,0.0113,-0.0043,0.1474,-0.004,0.0526,0.0224
5592732,3988286219673,2016-06-01,14,M,ROMÃO,43,1,0,0,0,0.3627,Medium Risk,0,0.3894,0.0257,0.5745,-0.0196,0.0059,-0.0136,-0.0071,-0.0022,-0.1398,0.0067
5772612,39679687154741,2016-06-06,18,F,FORTE SÃO JOÃO,2,1,0,0,0,0.2094,Medium Risk,0,0.3657,-0.0137,0.0984,-0.0206,0.0068,-0.0214,-0.0064,-0.001,-0.0917,-0.2361
5721140,251541539,2016-06-01,85,F,MARUÍPE,12,0,0,1,0,0.2776,Medium Risk,0,-0.3098,0.0092,0.5851,0.0196,0.0111,-0.02,-0.0042,-0.0071,0.105,0.0314
5771088,72367184951837,2016-06-03,27,F,DO QUADRO,0,0,0,0,0,0.0524,Low Risk,0,0.0766,-0.0309,-1.3933,-0.0136,-0.0051,-0.0146,-0.005,-0.0044,0.0518,-0.2583
5769616,3181396722832,2016-06-07,43,F,SANTA TEREZA,3,1,0,0,0,0.2304,Medium Risk,1,0.0704,-0.0095,0.2525,-0.0234,0.0009,-0.0054,-0.0103,-0.0013,-0.0744,-0.058
5758434,996577377585873,2016-06-07,28,F,COMDUSA,5,1,1,0,0,0.2927,Medium Risk,0,0.1892,-0.0096,0.4431,0.1766,0.0072,-0.0201,-0.0119,-0.0016,-0.0817,-0.1528
5790185,418651712324,2016-06-08,22,F,RESISTÊNCIA,0,0,1,0,0,0.0696,Low Risk,0,0.2252,-0.0473,-1.5022,0.1099,-0.0052,-0.0199,-0.0095,-0.0033,0.0466,-0.1249
5784229,73346686981988,2016-06-07,19,F,RESISTÊNCIA,0,0,0,0,0,0.0805,Low Risk,0,0.3497,-0.0725,-1.3702,-0.0127,-0.0055,-0.0195,-0.0075,-0.0053,0.0408,-0.1269
5785173,266257993217932,2016-06-08,42,M,BELA VISTA,0,0,0,0,0,0.0624,Low Risk,0,-0.0739,0.0392,-1.3844,-0.0131,-0.001,-0.0068,-0.0032,-0.0032,0.0505,0.0001
5785801,558917148551,2016-06-08,71,F,BELA VISTA,0,0,0,1,0,0.0574,Low Risk,0,-0.276,-0.0093,-1.2579,-0.0119,-0.0063,-0.0113,-0.0069,-0.0065,0.0502,0.0251
5735927,966622591288318,2016-06-07,57,F,BELA VISTA,12,1,0,0,1,0.2366,Medium Risk,0,-0.3534,0.0001,0.5249,-0.0211,-0.025,0.0748,-0.0078,-0.001,-0.1211,-0.0268
5769442,712458866975343,2016-06-03,44,M,FORTE SÃO JOÃO,0,0,0,0,0,0.0574,Low Risk,0,-0.062,0.0071,-1.445,-0.0167,-0.0004,-0.003,0.044,-0.0027,0.0594,-0.209
5782854,9496196639835,2016-06-07,35,M,CENTRO,0,0,0,0,0,0.0574,Low Risk,0,-0.0358,0.0415,-1.378,-0.0137,-0.0055,-0.0078,-0.0019,-0.0043,0.0464,0.0389
5771778,67263157776438,2016-06-03,63,M,MÁRIO CYPRESTE,0,0,0,0,0,0.0396,Low Risk,0,-0.3555,-0.0304,-1.4243,-0.014,-0.0091,-0.0028,-0.0023,-0.0066,0.0833,-0.3186
5754584,76325775714384,2016-06-03,22,M,ESTRELINHA,2,0,0,0,0,0.3123,Medium Risk,0,0.322,0.0324,0.1903,-0.0193,0.0051,-0.0182,-0.0068,-0.0016,0.0595,-0.0375
5765731,151827276165999,2016-06-03,24,M,CONQUISTA,0,0,0,0,0,0.0947,Low Risk,0,0.3083,0.0212,-1.3671,-0.0158,-0.0042,-0.0128,0.1673,-0.0043,0.0588,0.0561
5734405,65611383198213,2016-06-03,23,M,JARDIM CAMBURI,9,1,0,0,0,0.3528,Medium Risk,0,0.3492,0.0273,0.4977,-0.0173,0.0052,-0.0208,-0.006,-0.0014,-0.0803,-0.02
5789379,66844879846766,2016-06-08,52,F,BENTO FERREIRA,0,0,0,0,0,0.0574,Low Risk,0,-0.1612,-0.0757,-1.3526,-0.0089,-0.0096,-0.0089,-0.0062,-0.0036,0.0476,-0.033
5789403,872278549442,2016-06-08,40,M,REPÚBLICA,0,0,0,0,0,0.0574,Low Risk,0,-0.1313,0.0366,-1.3504,-0.0134,0.003,-0.0062,-0.0032,-0.0029,0.0498,-0.1311
5788295,33534783483176,2016-06-08,44,M,DA PENHA,0,0,0,0,0,0.0724,Low Risk,0,-0.0066,-0.0116,-1.4616,-0.0211,-0.0026,-0.0071,0.1092,-0.0041,0.0511,0.088
5786598,75797461494159,2016-06-08,49,M,JARDIM CAMBURI,0,0,0,0,0,0.0624,Low Risk,0,-0.1291,0.0392,-1.3098,-0.0127,0.0031,-0.0067,-0.0032,-0.0032,0.0559,0.0314
5716592,794279957884628,2016-06-02,52,M,CENTRO,14,1,0,0,0,0.3108,Medium Risk,0,-0.1893,-0.0206,0.5794,-0.028,-0.0039,-0.0015,0.1594,-0.0008,-0.1453,0.0286
5773659,92798896774881,2016-06-06,38,F,SANTA TEREZA,0,0,0,0,0,0.0531,Low Risk,0,-0.0767,-0.0224,-1.4013,-0.0132,0.0017,-0.0073,-0.0085,-0.0037,0.0499,0.0025
5744546,224368413972153,2016-06-06,50,M,SEGURANÇA DO LAR,6,1,0,0,0,0.2214,Medium Risk,0,-0.1917,0.0216,0.3277,-0.0196,-0.0015,-0.0018,-0.0074,-0.0013,-0.09,-0.0809
5723280,875815577462254,2016-06-07,51,F,SANTA LUÍZA,17,0,0,0,0,0.2618,Medium Risk,0,-0.2053,-0.0104,0.5994,-0.0257,0.0013,-0.007,-0.0076,-0.0015,0.1123,-0.1811
5755110,7842112369983,2016-06-03,63,F,REDENÇÃO,1,0,0,0,0,0.1686,Low Risk,1,-0.4263,0.0073,0.1708,-0.0206,-0.0145,-0.0147,-0.0099,-0.0054,0.0563,-0.0037
5755060,5218167655469,2016-06-03,47,F,DA PENHA,1,0,0,1,0,0.2269,Medium Risk,0,-0.1081,-0.013,0.1592,-0.0274,-0.0221,-0.0059,-0.0106,-0.0026,0.0561,0.0325
5761598,161962787378636,2016-06-06,62,M,ILHA DO PRÍNCIPE,3,1,0,0,1,0.2276,Medium Risk,0,-0.3848,0.0062,0.2631,-0.011,-0.03,0.0945,-0.0051,-0.0012,-0.0834,0.1714
5761597,9519375353622,2016-06-06,65,F,JARDIM CAMBURI,3,1,0,0,0,0.1895,Low Risk,0,-0.4268,0.0055,0.2671,-0.0196,-0.0138,-0.0119,-0.0099,-0.0049,-0.0528,0.0148
5744775,61485696469,2016-06-03,7,F,JESUS DE NAZARETH,3,1,0,0,0,0.2846,Medium Risk,1,0.0296,-0.0029,0.1905,-0.0046,0.0052,-0.0162,-0.0072,-0.0017,-0.0698,0.2029
5762050,8255696388734,2016-06-02,3,M,BENTO FERREIRA,0,0,0,0,0,0.0637,Low Risk,0,-0.0448,0.1028,-1.4426,0.0057,-0.0079,-0.0209,-0.009,-0.0071,0.052,0.2543
5736579,629753333917435,2016-06-02,0,M,JESUS DE NAZARETH,7,0,0,0,0,0.3609,Medium Risk,0,-0.0232,0.0235,0.4864,0.0158,0.0045,-0.0175,-0.0113,-0.0018,0.1015,0.2149
5755554,7628194929513,2016-06-01,13,F,JESUS DE NAZARETH,0,0,0,0,0,0.0921,Low Risk,0,0.4702,-0.0974,-1.3849,-0.0047,-0.0106,-0.0195,-0.0044,-0.0073,0.0434,0.0199
5759125,17546287726134,2016-06-07,12,F,JESUS DE NAZARETH,5,0,0,0,0,0.3645,Medium Risk,0,0.3345,-0.0133,0.3056,-0.0113,0.0051,-0.0161,-0.0164,-0.0018,0.062,0.1851
5769272,66844879846766,2016-06-03,52,F,BENTO FERREIRA,0,0,0,0,0,0.0574,Low Risk,0,-0.1612,-0.0757,-1.3526,-0.0089,-0.0096,-0.0089,-0.0062,-0.0036,0.0476,-0.033
5723186,88338819477998,2016-06-02,36,M,JARDIM DA PENHA,12,0,0,0,0,0.3731,Medium Risk,0,0.1078,0.0109,0.7003,-0.0309,0.006,0.0018,0.2365,-0.0006,0.1191,-0.302
5763511,986162815579582,2016-06-02,45,F,SANTA MARTHA,0,0,0,0,0,0.0359,Low Risk,0,-0.1315,0.0207,-1.6726,-0.0178,0.0062,0.0035,0.1392,-0.0033,0.0913,-0.5606
5763498,8435223536,2016-06-02,52,M,INHANGUETÁ,0,0,0,0,0,0.0624,Low Risk,0,-0.1687,-0.0142,-1.3645,-0.0161,-0.0042,-0.0062,0.1018,-0.0041,0.0565,0.006
5790220,822145925426128,2016-06-08,38,M,REDENÇÃO,0,0,0,0,0,0.0522,Low Risk,0,-0.0957,0.0392,-1.39,-0.0131,0.0027,-0.0059,-0.0045,-0.0031,0.049,-0.0018
5790209,712458866975343,2016-06-08,44,M,FORTE SÃO JOÃO,0,0,0,0,0,0.0574,Low Risk,0,-0.062,0.0071,-1.445,-0.0167,-0.0004,-0.003,0.044,-0.0027,0.0594,-0.209
5790216,13364929297498,2016-06-08,59,M,MARIA ORTIZ,0,0,0,0,0,0.0499,Low Risk,0,-0.3322,0.0076,-1.3619,-0.0177,-0.0224,-0.0074,-0.0039,-0.0035,0.0433,-0.0454
5770378,66844879846766,2016-06-03,52,F,BENTO FERREIRA,0,0,0,0,0,0.0574,Low Risk,0,-0.1612,-0.0757,-1.3526,-0.0089,-0.0096,-0.0089,-0.0062,-0.0036,0.0476,-0.033
5764791,237853853551,2016-06-08,46,M,ILHA DE SANTA MARIA,5,0,0,0,0,0.2534,Medium Risk,0,-0.0036,0.0234,0.3128,-0.0219,-0.0001,-0.0064,-0.009,-0.0015,0.0946,-0.0434
5763477,21334744915117,2016-06-08,43,M,CRUZAMENTO,5,0,0,0,0,0.3091,Medium Risk,0,0.0814,0.0263,0.3043,-0.0285,-0.0001,-0.0066,-0.0091,-0.0019,0.065,0.0237
5756941,81894521843749,2016-06-01,35,M,ROMÃO,0,0,0,0,0,0.0574,Low Risk,0,-0.0519,0.0392,-1.3968,-0.0129,-0.0055,-0.0072,-0.0015,-0.0042,0.0474,0.0135
5744888,141759387821687,2016-06-01,59,M,NAZARETH,1,0,0,0,0,0.1963,Low Risk,0,-0.3435,0.0046,0.1772,-0.0233,-0.025,-0.0102,-0.0074,-0.0018,0.0557,0.0542
5763869,9981638424867,2016-06-02,36,F,JUCUTUQUARA,0,0,0,0,0,0.0574,Low Risk,0,-0.1166,-0.0217,-1.4514,-0.0137,-0.0032,-0.0076,-0.0065,-0.0031,0.0487,-0.1704
5710607,27979592169227,2016-06-01,23,M,INHANGUETÁ,14,1,0,0,0,0.3614,Medium Risk,1,0.345,0.0297,0.6001,-0.0154,0.0039,-0.0105,-0.0056,-0.002,-0.0836,-0.0207
5756907,871374938638855,2016-06-01,64,M,ROMÃO,0,0,0,0,0,0.0502,Low Risk,0,-0.4055,-0.0447,-1.3126,-0.0163,-0.0217,-0.0089,0.0977,-0.0016,0.0498,0.0385
5771478,33885177356839,2016-06-07,38,F,MÁRIO CYPRESTE,3,0,0,0,0,0.2214,Medium Risk,1,-0.0304,-0.0141,0.28,-0.0276,0.0087,-0.0019,-0.0092,-0.0015,0.0148,-0.1888
5771461,571587825872279,2016-06-06,29,M,CENTRO,2,0,0,0,0,0.2933,Medium Risk,1,0.2152,0.0298,0.1985,-0.0211,0.004,-0.0223,-0.0075,-0.0021,0.0604,-0.0049
5619473,824684783942552,2016-06-06,52,F,CRUZAMENTO,40,0,0,0,0,0.3564,Medium Risk,0,-0.2055,-0.0316,0.8017,-0.0292,-0.0047,-0.0084,-0.0096,-0.0018,0.1195,0.0722
5752497,7739973874194,2016-06-02,43,F,SÃO BENEDITO,1,0,0,0,0,0.3419,Medium Risk,1,0.0637,0.0653,0.2231,-0.0312,0.0006,-0.0052,0.3328,-0.0024,0.0609,0.0553
5779113,886875767219463,2016-06-08,59,M,NOVA PALESTINA,1,0,0,1,0,0.2039,Medium Risk,0,-0.3103,0.0024,0.169,-0.0202,-0.0019,-0.0091,-0.0067,-0.0016,0.0593,-0.0115
5779115,91885312971,2016-06-08,55,F,TABUAZEIRO,1,0,0,0,0,0.1939,Low Risk,0,-0.2137,-0.0104,0.2006,-0.0239,0.0022,-0.004,-0.0078,-0.0017,0.0661,-0.1799
5772629,1168774745422,2016-06-07,53,M,SANTA MARTHA,3,1,0,0,0,0.2121,Medium Risk,0,-0.2698,0.0254,0.3199,-0.0236,0.0019,-0.004,-0.0053,-0.0018,-0.0328,-0.267
5776574,4265358233956,2016-06-07,24,M,JESUS DE NAZARETH,0,0,0,0,0,0.105,Low Risk,0,0.2756,0.1219,-1.4366,-0.0055,-0.0065,-0.0212,-0.0036,-0.0017,0.0463,0.1235
5768007,898866198776794,2016-06-07,29,F,DA PENHA,3,0,0,0,0,0.2978,Medium Risk,1,0.2126,-0.0148,0.2076,-0.0259,0.0052,-0.019,-0.0104,-0.0022,0.0544,0.0538
5746451,39814927421183,2016-06-02,27,M,SANTO ANTÔNIO,2,1,0,0,0,0.2276,Medium Risk,0,0.2421,0.0226,0.2183,-0.0232,0.0061,-0.0235,-0.0048,-0.0013,-0.0958,-0.1379
5740235,59485847351487,2016-06-02,39,M,CONSOLAÇÃO,7,1,0,0,0,0.2334,Medium Risk,0,0.0088,0.0189,0.4488,-0.0238,0.0074,-0.0033,-0.0071,-0.0012,-0.0795,-0.2144
5748311,891526561315858,2016-06-02,53,F,SANTO ANTÔNIO,2,0,0,0,0,0.2214,Medium Risk,0,-0.1952,-0.01,0.2367,-0.0263,0.0016,-0.0081,-0.0079,-0.0016,0.0712,-0.0872
5783923,27212876962897,2016-06-08,38,M,RESISTÊNCIA,0,0,0,0,0,0.0574,Low Risk,0,-0.0537,0.0505,-1.4523,-0.0135,0.0012,-0.0078,-0.0049,-0.0043,0.0453,-0.1085
5783911,7196632618361,2016-06-08,57,M,ITARARÉ,0,0,0,1,1,0.0964,Low Risk,0,-0.3264,0.0514,-1.3318,-0.0084,0.0032,0.1056,-0.0024,0.0022,0.0534,0.2821
5767085,1579852246696,2016-06-06,21,F,JUCUTUQUARA,3,1,0,0,0,0.2832,Medium Risk,0,0.3147,-0.0157,0.2985,-0.0205,0.007,-0.0227,-0.0074,-0.0014,-0.0283,-0.0989
5760424,886712487741231,2016-06-03,60,F,ARIOVALDO FAVALESSA,1,0,0,1,0,0.1812,Low Risk,0,-0.2717,-0.001,0.1581,-0.0216,-0.0118,-0.0103,-0.0075,-0.0018,0.0656,-0.2415
5752452,8538941329662,2016-06-02,57,F,PRAIA DO CANTO,1,0,0,0,0,0.206,Medium Risk,0,-0.3037,-0.0034,0.2122,-0.0227,-0.0059,-0.0073,-0.0084,-0.0017,0.0664,-0.147
5745213,829323577947246,2016-06-01,55,F,JARDIM CAMBURI,1,0,0,0,0,0.2152,Medium Risk,0,-0.2303,-0.0107,0.1875,-0.0218,0.0014,-0.0061,-0.0102,-0.0016,0.0613,0.006
5778699,849412275347119,2016-06-08,49,F,JARDIM CAMBURI,1,0,0,0,0,0.2255,Medium Risk,0,-0.1017,-0.0108,0.1798,-0.0223,-0.0002,-0.006,-0.0102,-0.0015,0.0633,0.0169
5780466,87751626523129,2016-06-07,7,M,JOANA D´ARC,0,0,0,0,0,0.0983,Low Risk,0,0.2886,0.04,-1.1069,-0.0127,-0.0042,-0.0238,-0.0074,-0.0038,0.0581,-0.0478
5742409,29489734484989,2016-06-01,15,M,SÃO JOSÉ,1,0,1,0,0,0.2787,Medium Risk,0,0.395,0.0274,0.0372,0.0206,0.0044,-0.0196,-0.0109,-0.095,0.0554,0.017
5773731,21481245674511,2016-06-08,8,M,SANTA TEREZA,1,0,1,0,0,0.2688,Medium Risk,0,0.0792,-0.0051,0.0615,0.1642,0.0044,-0.0199,-0.0169,-0.0001,0.0747,-0.0252
5761350,361243988999,2016-06-01,7,F,JESUS DE NAZARETH,0,0,0,0,0,0.0767,Low Risk,0,0.2722,-0.0851,-1.3612,0.0007,-0.0106,-0.0194,-0.005,-0.0074,0.0473,0.0573
5774879,54724982868822,2016-06-08,3,F,JESUS DE NAZARETH,1,0,0,0,0,0.2968,Medium Risk,0,0.0869,-0.0101,0.2164,0.0034,0.0048,-0.0178,-0.0074,-0.0017,0.059,0.2109
5747367,179773386951,2016-06-01,57,M,FORTE SÃO JOÃO,1,0,1,1,0,0.2209,Medium Risk,0,-0.2425,0.001,0.1416,0.1932,-0.0101,-0.0093,-0.009,0.0005,0.0739,-0.2141
5757469,56826182748462,2016-06-01,32,F,FORTE SÃO JOÃO,0,0,0,0,0,0.0574,Low Risk,0,-0.0656,-0.0221,-1.4072,-0.0129,-0.0033,-0.0068,-0.0025,-0.0029,0.0498,-0.129
5767230,92419821225549,2016-06-07,49,M,VILA RUBIM,4,1,0,0,0,0.2152,Medium Risk,0,-0.0994,0.0254,0.4769,-0.0223,0.0002,-0.0033,-0.0069,-0.0013,-0.098,-0.2775
5767220,5438292534168,2016-06-07,23,F,BELA VISTA,4,1,0,0,0,0.3279,Medium Risk,0,0.3345,-0.0151,0.3542,-0.0199,0.0066,-0.0203,-0.01,-0.0014,-0.0447,-0.0063
5739038,4274487811661,2016-06-02,9,F,REDENÇÃO,7,1,0,0,0,0.2849,Medium Risk,1,0.1894,0.0007,0.3021,-0.0232,0.0066,-0.0201,-0.0102,-0.0031,-0.0934,-0.0146
5743159,628269965687,2016-06-01,55,M,MARIA ORTIZ,1,0,0,0,0,0.206,Medium Risk,0,-0.1825,0.0262,0.1819,-0.0262,-0.0046,-0.0074,-0.0069,-0.0019,0.0557,0.017
5731578,16633164566722,2016-06-02,0,F,RESISTÊNCIA,8,0,0,0,0,0.2798,Medium Risk,0,-0.0419,-0.0047,0.4946,-0.0011,0.0047,-0.016,-0.0115,-0.003,0.1163,-0.1247
5767492,85358541876223,2016-06-06,47,F,FORTE SÃO JOÃO,3,1,0,0,0,0.2022,Medium Risk,1,-0.0713,-0.0074,0.2418,-0.0234,0.0029,-0.0036,-0.0077,-0.0012,-0.0692,-0.2004
5760657,9865495724236,2016-06-03,69,F,MARIA ORTIZ,1,0,0,0,0,0.1681,Low Risk,0,-0.4917,0.0053,0.1597,-0.0251,-0.0205,-0.0156,-0.0097,-0.0057,0.0519,-0.0094
5742119,56864681298349,2016-06-01,56,F,INHANGUETÁ,1,0,0,0,0,0.2152,Medium Risk,0,-0.2886,-0.009,0.1754,-0.0206,-0.0155,-0.0102,-0.0109,-0.0027,0.0573,0.0029
5773223,845914873213,2016-06-08,10,F,SANTA MARTHA,1,0,0,0,0,0.2255,Medium Risk,0,0.1542,-0.0115,0.1066,-0.0239,0.0068,-0.0134,-0.008,-0.0017,0.0704,-0.2854
5768070,36513344454498,2016-06-07,94,M,CARATOÍRA,3,1,0,1,1,0.2374,Medium Risk,1,-0.5444,0.0165,0.1706,0.0216,0.0695,-0.296,0.0058,-0.0214,-0.1788,0.3233
5767011,146192936442,2016-06-06,65,M,ILHA DE SANTA MARIA,3,1,0,0,0,0.1681,Low Risk,0,-0.4593,-0.0105,0.2356,-0.0186,-0.0271,-0.012,-0.0065,-0.005,-0.0702,-0.0768
5765854,496891744474147,2016-06-06,63,F,JARDIM CAMBURI,3,1,0,0,0,0.1801,Low Risk,1,-0.4232,0.0055,0.2643,-0.0196,-0.0138,-0.0118,-0.0099,-0.0049,-0.0528,0.014
5747673,53414388421162,2016-06-02,56,M,JARDIM CAMBURI,2,0,0,0,0,0.2214,Medium Risk,0,-0.287,0.0204,0.1934,-0.0197,-0.0103,-0.0113,-0.0076,-0.0016,0.068,-0.0076
5759962,478557176427568,2016-06-03,71,F,PARQUE MOSCOSO,1,0,0,0,0,0.2036,Medium Risk,1,-0.3606,-0.0032,0.2009,-0.0102,-0.0156,-0.0154,-0.0063,-0.0053,0.0537,0.101
5759964,12381797496,2016-06-03,25,F,BENTO FERREIRA,1,0,0,0,0,0.3123,Medium Risk,0,0.3051,-0.0254,0.2179,-0.0158,0.0007,-0.0184,-0.0084,-0.0013,0.0515,0.0709
5752535,984791312665918,2016-06-02,63,F,ILHA DE SANTA MARIA,1,0,0,0,0,0.1801,Low Risk,0,-0.4323,0.0073,0.1755,-0.0198,-0.0206,-0.0154,-0.0099,-0.0059,0.0595,-0.0478
5752546,89416491158942,2016-06-02,64,F,JARDIM DA PENHA,1,0,0,1,1,0.1837,Low Risk,0,-0.3074,-0.008,0.2945,-0.0257,-0.0154,0.1222,-0.004,-0.0028,0.0735,-0.2718
5766332,62136666534793,2016-06-06,57,F,PARQUE MOSCOSO,3,1,0,1,0,0.2214,Medium Risk,1,-0.2888,-0.0115,0.2756,-0.0156,-0.0011,-0.0073,-0.0073,-0.0013,-0.0664,0.1097
5766328,3678446681723,2016-06-06,46,F,FORTE SÃO JOÃO,3,1,0,0,0,0.2083,Medium Risk,0,-0.0576,-0.0074,0.2407,-0.0234,0.0029,-0.0036,-0.0077,-0.0012,-0.069,-0.2417
5741651,82651282391214,2016-06-01,64,M,SANTA CLARA,1,0,0,0,0,0.2024,Medium Risk,0,-0.4588,-0.0024,0.2242,-0.0122,-0.0234,-0.0156,-0.0061,-0.0051,0.0503,0.165
5773244,2857713472288,2016-06-06,58,F,JESUS DE NAZARETH,0,0,0,1,0,0.0471,Low Risk,0,-0.3176,-0.031,-1.4494,-0.0088,0.0252,-0.0082,-0.0039,-0.0004,0.0452,0.015
5626582,97524274561889,2016-06-02,48,M,MARIA ORTIZ,35,1,0,0,0,0.3097,Medium Risk,0,-0.1224,0.0344,0.6691,-0.0264,-0.0051,-0.0041,-0.0059,-0.0016,-0.1365,0.0469
5627526,949512296159536,2016-06-02,70,F,MARIA ORTIZ,35,1,0,0,0,0.1963,Low Risk,0,-0.6066,-0.0026,0.6229,-0.0268,-0.0261,-0.0123,-0.0072,-0.0088,-0.1197,0.0088
5695493,51248223753554,2016-06-08,49,F,MARIA ORTIZ,25,1,0,0,0,0.3305,Medium Risk,0,-0.1084,-0.0135,0.9114,-0.0227,-0.0032,-0.004,-0.0069,-0.0008,-0.1297,0.0256
5667282,7748353923271,2016-06-07,62,F,MARIA ORTIZ,31,0,0,0,0,0.2933,Medium Risk,0,-0.3976,-0.0012,0.6112,-0.0249,-0.0262,-0.0135,-0.0091,-0.0022,0.0757,0.0713
5666294,6947353331994,2016-06-07,70,F,MARIA ORTIZ,32,1,0,0,0,0.1924,Low Risk,0,-0.6168,-0.0022,0.6165,-0.026,-0.0261,-0.0123,-0.0072,-0.0088,-0.0625,0.0079
5787098,2695685177138,2016-06-08,58,F,MARIA ORTIZ,0,0,0,0,0,0.0524,Low Risk,0,-0.2799,-0.0068,-1.3719,-0.0181,-0.0149,-0.0074,-0.0072,-0.0035,0.0445,-0.0316
5736953,921437467883453,2016-06-08,11,M,RESISTÊNCIA,13,1,0,0,0,0.2632,Medium Risk,0,-0.0127,0.0082,0.4803,-0.0183,0.0039,-0.0104,-0.0104,-0.0029,-0.1243,-0.0688
5640964,7183344612234,2016-06-01,19,F,RESISTÊNCIA,32,1,0,0,0,0.3614,Medium Risk,0,0.34,-0.0203,0.7053,-0.0199,0.0069,-0.013,-0.0085,-0.0016,-0.0635,-0.0154
5726417,252938643938483,2016-06-06,19,F,RESISTÊNCIA,16,1,0,0,0,0.3528,Medium Risk,1,0.3382,-0.0204,0.6166,-0.0171,0.0046,-0.0087,-0.0083,-0.0016,-0.0706,-0.0602
5751672,689218859347447,2016-06-07,75,M,RESISTÊNCIA,6,1,0,1,0,0.1986,Low Risk,0,-0.4306,0.0067,0.3399,0.029,0.0109,-0.0154,-0.0082,-0.0049,-0.0799,-0.0083
5692938,94371232592727,2016-06-07,17,F,RESISTÊNCIA,25,1,0,1,0,0.3665,Medium Risk,1,0.2889,-0.016,0.7888,-0.0153,-0.068,-0.013,-0.0079,-0.0017,-0.1265,-0.0668
5731069,275828981839596,2016-06-06,33,F,RESISTÊNCIA,12,1,0,0,0,0.3028,Medium Risk,1,0.1219,-0.0112,0.603,-0.0201,0.005,-0.0037,-0.0072,-0.0018,-0.1007,-0.0578
5574039,2934141357952,2016-06-06,41,F,RESISTÊNCIA,54,0,0,0,0,0.4335,High Risk,0,0.0638,-0.0152,0.945,-0.0285,0.0201,-0.0087,-0.0095,-0.0026,0.1341,0.0246
5784366,59155223171874,2016-06-07,34,F,RESISTÊNCIA,0,0,0,0,0,0.0624,Low Risk,0,-0.1228,-0.0299,-1.4148,0.0011,-0.0051,-0.0071,-0.0051,0.143,0.0446,-0.0598
5782386,866121327363158,2016-06-07,8,F,RESISTÊNCIA,0,0,0,0,0,0.0746,Low Risk,0,0.2932,-0.0571,-1.28,-0.0133,-0.0055,-0.0195,-0.0089,-0.0097,0.0492,-0.1262
5685689,6238227932876,2016-06-06,13,F,RESISTÊNCIA,25,1,0,0,0,0.3859,Medium Risk,0,0.3093,-0.0047,0.8213,-0.0154,0.0075,-0.013,-0.0081,-0.0027,-0.1123,-0.0514
5772400,614245995575,2016-06-03,0,F,RESISTÊNCIA,0,0,0,0,0,0.0393,Low Risk,0,-0.2781,-0.0224,-1.5731,0.0026,-0.0057,-0.0194,-0.0089,-0.0087,0.055,-0.2806
5770424,22853763289851,2016-06-03,2,F,RESISTÊNCIA,0,0,0,0,0,0.0332,Low Risk,0,-0.2845,-0.0135,-1.6909,0.0029,-0.0057,-0.0194,-0.0088,-0.0087,0.0465,-0.2395
5782376,76823333884151,2016-06-07,1,M,RESISTÊNCIA,0,0,0,0,0,0.0359,Low Risk,0,-0.3282,0.0251,-1.667,0.004,-0.0062,-0.0209,-0.0093,-0.0087,0.0478,-0.2449
5779995,15381337724194,2016-06-07,20,M,RESISTÊNCIA,0,0,0,0,0,0.091,Low Risk,0,0.4455,0.1088,-1.2961,-0.0123,-0.0059,-0.021,-0.0043,-0.0053,0.0478,-0.1286
5639147,594422525164283,2016-06-06,43,F,RESISTÊNCIA,37,1,1,0,0,0.4009,High Risk,1,0.0708,-0.0111,0.7724,0.2313,0.0029,-0.0043,-0.0104,0.0006,-0.1666,0.0051
5787950,756562242135,2016-06-08,53,F,MARIA ORTIZ,0,0,0,0,0,0.0524,Low Risk,0,-0.1449,-0.0245,-1.3443,-0.0184,-0.004,-0.0089,-0.0071,-0.0039,0.0453,-0.0174
5786741,645634214296344,2016-06-08,33,M,MARIA ORTIZ,0,0,0,1,0,0.0531,Low Risk,1,-0.0016,0.0422,-1.4195,-0.0165,0.0115,-0.0089,-0.0018,-0.0037,0.0458,-0.0146
5787655,94336536145654,2016-06-08,59,F,MARIA ORTIZ,0,0,0,0,0,0.0524,Low Risk,0,-0.2749,-0.0068,-1.3745,-0.0181,-0.0149,-0.0074,-0.0072,-0.0035,0.0445,-0.034
